router,memory,memory_mode,model,classifier_mode,classifier_label,classifier_confidence,classifier_latency_ms,classifier_token_cost,classifier_accuracy,classifier_efficiency_score,ticket_id,kb_attached,result,accuracy,groundedness,schema_validity,latency_ms,cost_usd,retrieved_context_length,retrieval_latency_ms,memory_cost_tokens,memory_relevance_score,memory_context_used,model_used,json_valid,schema_valid,gold_category,predicted_category,classifier_metadata
llm_first,none,none,slm1,,,0.0,0.0,0.0,0.0,0.0,0,False,success,0.0,0.0,1,1932.5497999670915,0.0001585,0,0.0,0,0.0,,slm,True,True,hardware,miscellaneous,{}
llm_first,none,none,slm1,,,0.0,0.0,0.0,0.0,0.0,1,False,success,0.0,0.0,1,312.0694000390358,0.0001605,0,0.0,0,0.0,,slm,True,True,access,miscellaneous,{}
llm_first,none,none,slm1,,,0.0,0.0,0.0,0.0,0.0,2,False,success,0.0,0.0,1,292.6803000154905,0.0001565,0,0.0,0,0.0,,slm,True,True,hardware,miscellaneous,{}
llm_first,none,none,slm1,,,0.0,0.0,0.0,0.0,0.0,3,False,success,1.0,0.0,1,308.45930002396926,0.0002635,0,0.0,0,0.0,,slm,True,True,access,access,{}
llm_first,none,none,slm1,,,0.0,0.0,0.0,0.0,0.0,4,False,success,1.0,0.0,1,504.833500017412,0.000159,0,0.0,0,0.0,,slm,True,True,miscellaneous,miscellaneous,{}
llm_first,none,none,slm1,,,0.0,0.0,0.0,0.0,0.0,5,False,success,1.0,0.0,1,304.0913000004366,0.0001585,0,0.0,0,0.0,,slm,True,True,miscellaneous,miscellaneous,{}
llm_first,none,none,slm1,,,0.0,0.0,0.0,0.0,0.0,6,False,success,0.0,0.0,1,287.469900038559,0.000258,0,0.0,0,0.0,,slm,True,True,hardware,administrative rights,{}
llm_first,none,none,slm1,,,0.0,0.0,0.0,0.0,0.0,7,False,success,0.0,0.0,1,314.66619996353984,0.000153,0,0.0,0,0.0,,slm,True,True,hr support,access,{}
llm_first,none,none,slm1,,,0.0,0.0,0.0,0.0,0.0,8,False,success,1.0,0.0,1,316.5144000086002,0.0001545,0,0.0,0,0.0,,slm,True,True,access,access,{}
llm_first,none,none,slm1,,,0.0,0.0,0.0,0.0,0.0,9,False,success,1.0,0.0,1,449.0158000262454,0.00888,0,0.0,0,0.0,,llm,True,True,hr support,hr support,{}
llm_first,none,none,slm2,,,0.0,0.0,0.0,0.0,0.0,0,False,success,0.0,0.0,1,311.6019999724813,0.0001585,0,0.0,0,0.0,,slm,True,True,hardware,miscellaneous,{}
llm_first,none,none,slm2,,,0.0,0.0,0.0,0.0,0.0,1,False,success,0.0,0.0,1,316.7321999790147,0.0001605,0,0.0,0,0.0,,slm,True,True,access,miscellaneous,{}
llm_first,none,none,slm2,,,0.0,0.0,0.0,0.0,0.0,2,False,success,0.0,0.0,1,313.6100000119768,0.0001565,0,0.0,0,0.0,,slm,True,True,hardware,miscellaneous,{}
llm_first,none,none,slm2,,,0.0,0.0,0.0,0.0,0.0,3,False,success,1.0,0.0,1,311.1758000450209,0.0002635,0,0.0,0,0.0,,slm,True,True,access,access,{}
llm_first,none,none,slm2,,,0.0,0.0,0.0,0.0,0.0,4,False,success,1.0,0.0,1,309.0223000035621,0.000159,0,0.0,0,0.0,,slm,True,True,miscellaneous,miscellaneous,{}
llm_first,none,none,slm2,,,0.0,0.0,0.0,0.0,0.0,5,False,success,1.0,0.0,1,318.0629000416957,0.0001585,0,0.0,0,0.0,,slm,True,True,miscellaneous,miscellaneous,{}
llm_first,none,none,slm2,,,0.0,0.0,0.0,0.0,0.0,6,False,success,0.0,0.0,1,316.46709999768063,0.000258,0,0.0,0,0.0,,slm,True,True,hardware,administrative rights,{}
llm_first,none,none,slm2,,,0.0,0.0,0.0,0.0,0.0,7,False,success,0.0,0.0,1,321.4788000332192,0.000153,0,0.0,0,0.0,,slm,True,True,hr support,access,{}
llm_first,none,none,slm2,,,0.0,0.0,0.0,0.0,0.0,8,False,success,1.0,0.0,1,293.94859995227307,0.0001545,0,0.0,0,0.0,,slm,True,True,access,access,{}
llm_first,none,none,slm2,,,0.0,0.0,0.0,0.0,0.0,9,False,success,1.0,0.0,1,321.2904999963939,0.00888,0,0.0,0,0.0,,llm,True,True,hr support,hr support,{}
llm_first,none,none,llm1,,,0.0,0.0,0.0,0.0,0.0,0,False,success,0.0,0.0,1,308.00339998677373,0.0001585,0,0.0,0,0.0,,slm,True,True,hardware,miscellaneous,{}
llm_first,none,none,llm1,,,0.0,0.0,0.0,0.0,0.0,1,False,success,0.0,0.0,1,306.5719999722205,0.0001605,0,0.0,0,0.0,,slm,True,True,access,miscellaneous,{}
llm_first,none,none,llm1,,,0.0,0.0,0.0,0.0,0.0,2,False,success,0.0,0.0,1,294.8800000012852,0.0001565,0,0.0,0,0.0,,slm,True,True,hardware,miscellaneous,{}
llm_first,none,none,llm1,,,0.0,0.0,0.0,0.0,0.0,3,False,success,1.0,0.0,1,306.3731999718584,0.0002635,0,0.0,0,0.0,,slm,True,True,access,access,{}
llm_first,none,none,llm1,,,0.0,0.0,0.0,0.0,0.0,4,False,success,1.0,0.0,1,313.9188000350259,0.000159,0,0.0,0,0.0,,slm,True,True,miscellaneous,miscellaneous,{}
llm_first,none,none,llm1,,,0.0,0.0,0.0,0.0,0.0,5,False,success,1.0,0.0,1,297.8966999799013,0.0001585,0,0.0,0,0.0,,slm,True,True,miscellaneous,miscellaneous,{}
llm_first,none,none,llm1,,,0.0,0.0,0.0,0.0,0.0,6,False,success,0.0,0.0,1,306.6679000039585,0.000258,0,0.0,0,0.0,,slm,True,True,hardware,administrative rights,{}
llm_first,none,none,llm1,,,0.0,0.0,0.0,0.0,0.0,7,False,success,0.0,0.0,1,293.86740003246814,0.000153,0,0.0,0,0.0,,slm,True,True,hr support,access,{}
llm_first,none,none,llm1,,,0.0,0.0,0.0,0.0,0.0,8,False,success,1.0,0.0,1,299.134100030642,0.0001545,0,0.0,0,0.0,,slm,True,True,access,access,{}
llm_first,none,none,llm1,,,0.0,0.0,0.0,0.0,0.0,9,False,success,1.0,0.0,1,303.6662999656983,0.00888,0,0.0,0,0.0,,llm,True,True,hr support,hr support,{}
llm_first,none,none,llm2,,,0.0,0.0,0.0,0.0,0.0,0,False,success,0.0,0.0,1,302.44599998695776,0.0001585,0,0.0,0,0.0,,slm,True,True,hardware,miscellaneous,{}
llm_first,none,none,llm2,,,0.0,0.0,0.0,0.0,0.0,1,False,success,0.0,0.0,1,300.7843000232242,0.0001605,0,0.0,0,0.0,,slm,True,True,access,miscellaneous,{}
llm_first,none,none,llm2,,,0.0,0.0,0.0,0.0,0.0,2,False,success,0.0,0.0,1,331.59770001657307,0.0001565,0,0.0,0,0.0,,slm,True,True,hardware,miscellaneous,{}
llm_first,none,none,llm2,,,0.0,0.0,0.0,0.0,0.0,3,False,success,1.0,0.0,1,312.2130000265315,0.0002635,0,0.0,0,0.0,,slm,True,True,access,access,{}
llm_first,none,none,llm2,,,0.0,0.0,0.0,0.0,0.0,4,False,success,1.0,0.0,1,321.0137999849394,0.000159,0,0.0,0,0.0,,slm,True,True,miscellaneous,miscellaneous,{}
llm_first,none,none,llm2,,,0.0,0.0,0.0,0.0,0.0,5,False,success,1.0,0.0,1,302.057099994272,0.0001585,0,0.0,0,0.0,,slm,True,True,miscellaneous,miscellaneous,{}
llm_first,none,none,llm2,,,0.0,0.0,0.0,0.0,0.0,6,False,success,0.0,0.0,1,529.1797000099905,0.000258,0,0.0,0,0.0,,slm,True,True,hardware,administrative rights,{}
llm_first,none,none,llm2,,,0.0,0.0,0.0,0.0,0.0,7,False,success,0.0,0.0,1,332.7653000014834,0.000153,0,0.0,0,0.0,,slm,True,True,hr support,access,{}
llm_first,none,none,llm2,,,0.0,0.0,0.0,0.0,0.0,8,False,success,1.0,0.0,1,305.5791999795474,0.0001545,0,0.0,0,0.0,,slm,True,True,access,access,{}
llm_first,none,none,llm2,,,0.0,0.0,0.0,0.0,0.0,9,False,success,1.0,0.0,1,316.4111999794841,0.00888,0,0.0,0,0.0,,llm,True,True,hr support,hr support,{}
llm_first,transcript,transcript,slm1,,,0.0,0.0,0.0,0.0,0.0,0,False,success,0.0,0.0,1,322.0669000293128,0.000188,0,0.0,0,0.0,,slm,True,True,hardware,miscellaneous,{}
llm_first,transcript,transcript,slm1,,,0.0,0.0,0.0,0.0,0.0,1,False,success,0.0,0.0,1,316.7727999971248,0.000193,0,0.0,0,0.0,,slm,True,True,access,miscellaneous,{}
llm_first,transcript,transcript,slm1,,,0.0,0.0,0.0,0.0,0.0,2,False,success,0.0,0.0,1,315.3016000287608,0.000181,0,0.0,0,0.0,,slm,True,True,hardware,miscellaneous,{}
llm_first,transcript,transcript,slm1,,,0.0,0.0,0.0,0.0,0.0,3,False,success,1.0,0.0,1,286.28209995804355,0.000502,0,0.0,0,0.0,,slm,True,True,access,access,{}
llm_first,transcript,transcript,slm1,,,0.0,0.0,0.0,0.0,0.0,4,False,success,1.0,0.0,1,302.0130999502726,0.0001895,0,0.0,0,0.0,,slm,True,True,miscellaneous,miscellaneous,{}
llm_first,transcript,transcript,slm1,,,0.0,0.0,0.0,0.0,0.0,5,False,success,1.0,0.0,1,321.80660002632067,0.0001875,0,0.0,0,0.0,,slm,True,True,miscellaneous,miscellaneous,{}
llm_first,transcript,transcript,slm1,,,0.0,0.0,0.0,0.0,0.0,6,False,success,0.0,0.0,1,323.3926999964752,0.000486,0,0.0,0,0.0,,slm,True,True,hardware,administrative rights,{}
llm_first,transcript,transcript,slm1,,,0.0,0.0,0.0,0.0,0.0,7,False,success,0.0,0.0,1,391.7733000125736,0.0001705,0,0.0,0,0.0,,slm,True,True,hr support,access,{}
llm_first,transcript,transcript,slm1,,,0.0,0.0,0.0,0.0,0.0,8,False,success,1.0,0.0,1,335.34400002099574,0.000176,0,0.0,0,0.0,,slm,True,True,access,access,{}
llm_first,transcript,transcript,slm1,,,0.0,0.0,0.0,0.0,0.0,9,False,success,1.0,0.0,1,340.45010001864284,0.01514,0,0.0,0,0.0,,llm,True,True,hr support,hr support,{}
llm_first,transcript,transcript,slm2,,,0.0,0.0,0.0,0.0,0.0,0,False,success,0.0,0.0,1,346.60429996438324,0.000188,0,0.0,0,0.0,,slm,True,True,hardware,miscellaneous,{}
llm_first,transcript,transcript,slm2,,,0.0,0.0,0.0,0.0,0.0,1,False,success,0.0,0.0,1,331.0210999916308,0.000193,0,0.0,0,0.0,,slm,True,True,access,miscellaneous,{}
llm_first,transcript,transcript,slm2,,,0.0,0.0,0.0,0.0,0.0,2,False,success,0.0,0.0,1,333.5938999662176,0.000181,0,0.0,0,0.0,,slm,True,True,hardware,miscellaneous,{}
llm_first,transcript,transcript,slm2,,,0.0,0.0,0.0,0.0,0.0,3,False,success,1.0,0.0,1,329.4296999811195,0.000502,0,0.0,0,0.0,,slm,True,True,access,access,{}
llm_first,transcript,transcript,slm2,,,0.0,0.0,0.0,0.0,0.0,4,False,success,1.0,0.0,1,553.2497999956831,0.0001895,0,0.0,0,0.0,,slm,True,True,miscellaneous,miscellaneous,{}
llm_first,transcript,transcript,slm2,,,0.0,0.0,0.0,0.0,0.0,5,False,success,1.0,0.0,1,320.696999959182,0.0001875,0,0.0,0,0.0,,slm,True,True,miscellaneous,miscellaneous,{}
llm_first,transcript,transcript,slm2,,,0.0,0.0,0.0,0.0,0.0,6,False,success,0.0,0.0,1,467.76949998456985,0.000486,0,0.0,0,0.0,,slm,True,True,hardware,administrative rights,{}
llm_first,transcript,transcript,slm2,,,0.0,0.0,0.0,0.0,0.0,7,False,success,0.0,0.0,1,295.0760999810882,0.0001705,0,0.0,0,0.0,,slm,True,True,hr support,access,{}
llm_first,transcript,transcript,slm2,,,0.0,0.0,0.0,0.0,0.0,8,False,success,1.0,0.0,1,308.0545000266284,0.000176,0,0.0,0,0.0,,slm,True,True,access,access,{}
llm_first,transcript,transcript,slm2,,,0.0,0.0,0.0,0.0,0.0,9,False,success,1.0,0.0,1,325.9256999590434,0.01514,0,0.0,0,0.0,,llm,True,True,hr support,hr support,{}
llm_first,transcript,transcript,llm1,,,0.0,0.0,0.0,0.0,0.0,0,False,success,0.0,0.0,1,311.1458999919705,0.000188,0,0.0,0,0.0,,slm,True,True,hardware,miscellaneous,{}
llm_first,transcript,transcript,llm1,,,0.0,0.0,0.0,0.0,0.0,1,False,success,0.0,0.0,1,301.72799999127164,0.000193,0,0.0,0,0.0,,slm,True,True,access,miscellaneous,{}
llm_first,transcript,transcript,llm1,,,0.0,0.0,0.0,0.0,0.0,2,False,success,0.0,0.0,1,350.9100999799557,0.000181,0,0.0,0,0.0,,slm,True,True,hardware,miscellaneous,{}
llm_first,transcript,transcript,llm1,,,0.0,0.0,0.0,0.0,0.0,3,False,success,1.0,0.0,1,319.83009999385104,0.000502,0,0.0,0,0.0,,slm,True,True,access,access,{}
llm_first,transcript,transcript,llm1,,,0.0,0.0,0.0,0.0,0.0,4,False,success,1.0,0.0,1,320.9041999652982,0.0001895,0,0.0,0,0.0,,slm,True,True,miscellaneous,miscellaneous,{}
llm_first,transcript,transcript,llm1,,,0.0,0.0,0.0,0.0,0.0,5,False,success,1.0,0.0,1,287.67900000093505,0.0001875,0,0.0,0,0.0,,slm,True,True,miscellaneous,miscellaneous,{}
llm_first,transcript,transcript,llm1,,,0.0,0.0,0.0,0.0,0.0,6,False,success,0.0,0.0,1,334.90950003033504,0.000486,0,0.0,0,0.0,,slm,True,True,hardware,administrative rights,{}
llm_first,transcript,transcript,llm1,,,0.0,0.0,0.0,0.0,0.0,7,False,success,0.0,0.0,1,436.7348000523634,0.0001705,0,0.0,0,0.0,,slm,True,True,hr support,access,{}
llm_first,transcript,transcript,llm1,,,0.0,0.0,0.0,0.0,0.0,8,False,success,1.0,0.0,1,298.6725000082515,0.000176,0,0.0,0,0.0,,slm,True,True,access,access,{}
llm_first,transcript,transcript,llm1,,,0.0,0.0,0.0,0.0,0.0,9,False,success,1.0,0.0,1,333.3535999991,0.01514,0,0.0,0,0.0,,llm,True,True,hr support,hr support,{}
llm_first,transcript,transcript,llm2,,,0.0,0.0,0.0,0.0,0.0,0,False,success,0.0,0.0,1,510.74749999679625,0.000188,0,0.0,0,0.0,,slm,True,True,hardware,miscellaneous,{}
llm_first,transcript,transcript,llm2,,,0.0,0.0,0.0,0.0,0.0,1,False,success,0.0,0.0,1,324.5166999986395,0.000193,0,0.0,0,0.0,,slm,True,True,access,miscellaneous,{}
llm_first,transcript,transcript,llm2,,,0.0,0.0,0.0,0.0,0.0,2,False,success,0.0,0.0,1,570.5052000121213,0.000181,0,0.0,0,0.0,,slm,True,True,hardware,miscellaneous,{}
llm_first,transcript,transcript,llm2,,,0.0,0.0,0.0,0.0,0.0,3,False,success,1.0,0.0,1,349.67550000874326,0.000502,0,0.0,0,0.0,,slm,True,True,access,access,{}
llm_first,transcript,transcript,llm2,,,0.0,0.0,0.0,0.0,0.0,4,False,success,1.0,0.0,1,307.8910000040196,0.0001895,0,0.0,0,0.0,,slm,True,True,miscellaneous,miscellaneous,{}
llm_first,transcript,transcript,llm2,,,0.0,0.0,0.0,0.0,0.0,5,False,success,1.0,0.0,1,321.8725999468006,0.0001875,0,0.0,0,0.0,,slm,True,True,miscellaneous,miscellaneous,{}
llm_first,transcript,transcript,llm2,,,0.0,0.0,0.0,0.0,0.0,6,False,success,0.0,0.0,1,327.8501000022516,0.000486,0,0.0,0,0.0,,slm,True,True,hardware,administrative rights,{}
llm_first,transcript,transcript,llm2,,,0.0,0.0,0.0,0.0,0.0,7,False,success,0.0,0.0,1,320.39299997268245,0.0001705,0,0.0,0,0.0,,slm,True,True,hr support,access,{}
llm_first,transcript,transcript,llm2,,,0.0,0.0,0.0,0.0,0.0,8,False,success,1.0,0.0,1,298.0233999551274,0.000176,0,0.0,0,0.0,,slm,True,True,access,access,{}
llm_first,transcript,transcript,llm2,,,0.0,0.0,0.0,0.0,0.0,9,False,success,1.0,0.0,1,295.95110000809655,0.01514,0,0.0,0,0.0,,llm,True,True,hr support,hr support,{}
llm_first,rag,rag,slm1,,,0.0,0.0,0.0,0.0,0.0,0,True,success,0.0,0.5816890597343445,1,5554.783699975815,0.0010415,0,0.0,0,0.0,,slm,True,True,hardware,miscellaneous,{}
llm_first,rag,rag,slm1,,,0.0,0.0,0.0,0.0,0.0,1,True,success,0.0,0.5816890597343445,1,3286.5343000157736,0.0010429999999999,0,0.0,0,0.0,,slm,True,True,access,miscellaneous,{}
llm_first,rag,rag,slm1,,,0.0,0.0,0.0,0.0,0.0,2,True,success,0.0,0.5816890597343445,1,3071.646800031885,0.001039,0,0.0,0,0.0,,slm,True,True,hardware,miscellaneous,{}
llm_first,rag,rag,slm1,,,0.0,0.0,0.0,0.0,0.0,3,True,success,1.0,0.5816890597343445,1,3871.197399974335,0.0011459999999999,0,0.0,0,0.0,,slm,True,True,access,access,{}
llm_first,rag,rag,slm1,,,0.0,0.0,0.0,0.0,0.0,4,True,success,1.0,0.5816890597343445,1,3260.023100010585,0.001042,0,0.0,0,0.0,,slm,True,True,miscellaneous,miscellaneous,{}
llm_first,rag,rag,slm1,,,0.0,0.0,0.0,0.0,0.0,5,True,success,1.0,0.5816890597343445,1,3670.2893000328913,0.0010415,0,0.0,0,0.0,,slm,True,True,miscellaneous,miscellaneous,{}
llm_first,rag,rag,slm1,,,0.0,0.0,0.0,0.0,0.0,6,True,success,0.0,0.5816890597343445,1,3194.1755000152625,0.001141,0,0.0,0,0.0,,slm,True,True,hardware,administrative rights,{}
llm_first,rag,rag,slm1,,,0.0,0.0,0.0,0.0,0.0,7,True,success,0.0,0.5816890597343445,1,3301.6705000191,0.0010355,0,0.0,0,0.0,,slm,True,True,hr support,access,{}
llm_first,rag,rag,slm1,,,0.0,0.0,0.0,0.0,0.0,8,True,success,1.0,0.5816890597343445,1,2939.0608000103384,0.0010375,0,0.0,0,0.0,,slm,True,True,access,access,{}
llm_first,rag,rag,slm1,,,0.0,0.0,0.0,0.0,0.0,9,True,success,1.0,0.5816890597343445,1,2985.024599998724,0.0442,0,0.0,0,0.0,,llm,True,True,hr support,hr support,{}
llm_first,rag,rag,slm2,,,0.0,0.0,0.0,0.0,0.0,0,True,success,0.0,0.5816890597343445,1,3239.4650999922305,0.0010415,0,0.0,0,0.0,,slm,True,True,hardware,miscellaneous,{}
llm_first,rag,rag,slm2,,,0.0,0.0,0.0,0.0,0.0,1,True,success,0.0,0.5816890597343445,1,3106.174500018824,0.0010429999999999,0,0.0,0,0.0,,slm,True,True,access,miscellaneous,{}
llm_first,rag,rag,slm2,,,0.0,0.0,0.0,0.0,0.0,2,True,success,0.0,0.5816890597343445,1,3674.473199993372,0.001039,0,0.0,0,0.0,,slm,True,True,hardware,miscellaneous,{}
llm_first,rag,rag,slm2,,,0.0,0.0,0.0,0.0,0.0,3,True,success,1.0,0.5816890597343445,1,3153.0884000239894,0.0011459999999999,0,0.0,0,0.0,,slm,True,True,access,access,{}
llm_first,rag,rag,slm2,,,0.0,0.0,0.0,0.0,0.0,4,True,success,1.0,0.5816890597343445,1,3095.261099981144,0.001042,0,0.0,0,0.0,,slm,True,True,miscellaneous,miscellaneous,{}
llm_first,rag,rag,slm2,,,0.0,0.0,0.0,0.0,0.0,5,True,success,1.0,0.5816890597343445,1,3009.297400014475,0.0010415,0,0.0,0,0.0,,slm,True,True,miscellaneous,miscellaneous,{}
llm_first,rag,rag,slm2,,,0.0,0.0,0.0,0.0,0.0,6,True,success,0.0,0.5816890597343445,1,3352.164599986281,0.001141,0,0.0,0,0.0,,slm,True,True,hardware,administrative rights,{}
llm_first,rag,rag,slm2,,,0.0,0.0,0.0,0.0,0.0,7,True,success,0.0,0.5816890597343445,1,3080.025099974592,0.0010355,0,0.0,0,0.0,,slm,True,True,hr support,access,{}
llm_first,rag,rag,slm2,,,0.0,0.0,0.0,0.0,0.0,8,True,success,1.0,0.5816890597343445,1,3936.694200034253,0.0010375,0,0.0,0,0.0,,slm,True,True,access,access,{}
llm_first,rag,rag,slm2,,,0.0,0.0,0.0,0.0,0.0,9,True,success,1.0,0.5816890597343445,1,4263.904399995226,0.0442,0,0.0,0,0.0,,llm,True,True,hr support,hr support,{}
llm_first,rag,rag,llm1,,,0.0,0.0,0.0,0.0,0.0,0,True,success,0.0,0.5816890597343445,1,3161.360300029628,0.0010415,0,0.0,0,0.0,,slm,True,True,hardware,miscellaneous,{}
llm_first,rag,rag,llm1,,,0.0,0.0,0.0,0.0,0.0,1,True,success,0.0,0.5816890597343445,1,3141.157499980181,0.0010429999999999,0,0.0,0,0.0,,slm,True,True,access,miscellaneous,{}
llm_first,rag,rag,llm1,,,0.0,0.0,0.0,0.0,0.0,2,True,success,0.0,0.5816890597343445,1,2961.0908000031486,0.001039,0,0.0,0,0.0,,slm,True,True,hardware,miscellaneous,{}
llm_first,rag,rag,llm1,,,0.0,0.0,0.0,0.0,0.0,3,True,success,1.0,0.5816890597343445,1,2907.0293999975547,0.0011459999999999,0,0.0,0,0.0,,slm,True,True,access,access,{}
llm_first,rag,rag,llm1,,,0.0,0.0,0.0,0.0,0.0,4,True,success,1.0,0.5816890597343445,1,3083.14820000669,0.001042,0,0.0,0,0.0,,slm,True,True,miscellaneous,miscellaneous,{}
llm_first,rag,rag,llm1,,,0.0,0.0,0.0,0.0,0.0,5,True,success,1.0,0.5816890597343445,1,3099.221099982969,0.0010415,0,0.0,0,0.0,,slm,True,True,miscellaneous,miscellaneous,{}
llm_first,rag,rag,llm1,,,0.0,0.0,0.0,0.0,0.0,6,True,success,0.0,0.5816890597343445,1,2838.251899986062,0.001141,0,0.0,0,0.0,,slm,True,True,hardware,administrative rights,{}
llm_first,rag,rag,llm1,,,0.0,0.0,0.0,0.0,0.0,7,True,success,0.0,0.5816890597343445,1,2790.9446000121534,0.0010355,0,0.0,0,0.0,,slm,True,True,hr support,access,{}
llm_first,rag,rag,llm1,,,0.0,0.0,0.0,0.0,0.0,8,True,success,1.0,0.5816890597343445,1,3147.345799952745,0.0010375,0,0.0,0,0.0,,slm,True,True,access,access,{}
llm_first,rag,rag,llm1,,,0.0,0.0,0.0,0.0,0.0,9,True,success,1.0,0.5816890597343445,1,2877.9309999663383,0.0442,0,0.0,0,0.0,,llm,True,True,hr support,hr support,{}
llm_first,rag,rag,llm2,,,0.0,0.0,0.0,0.0,0.0,0,True,success,0.0,0.5816890597343445,1,2948.892100015655,0.0010415,0,0.0,0,0.0,,slm,True,True,hardware,miscellaneous,{}
llm_first,rag,rag,llm2,,,0.0,0.0,0.0,0.0,0.0,1,True,success,0.0,0.5816890597343445,1,2765.0855999672785,0.0010429999999999,0,0.0,0,0.0,,slm,True,True,access,miscellaneous,{}
llm_first,rag,rag,llm2,,,0.0,0.0,0.0,0.0,0.0,2,True,success,0.0,0.5816890597343445,1,3037.851399974897,0.001039,0,0.0,0,0.0,,slm,True,True,hardware,miscellaneous,{}
llm_first,rag,rag,llm2,,,0.0,0.0,0.0,0.0,0.0,3,True,success,1.0,0.5816890597343445,1,3072.8981000138447,0.0011459999999999,0,0.0,0,0.0,,slm,True,True,access,access,{}
llm_first,rag,rag,llm2,,,0.0,0.0,0.0,0.0,0.0,4,True,success,1.0,0.5816890597343445,1,3043.520000006538,0.001042,0,0.0,0,0.0,,slm,True,True,miscellaneous,miscellaneous,{}
llm_first,rag,rag,llm2,,,0.0,0.0,0.0,0.0,0.0,5,True,success,1.0,0.5816890597343445,1,2856.865799985826,0.0010415,0,0.0,0,0.0,,slm,True,True,miscellaneous,miscellaneous,{}
llm_first,rag,rag,llm2,,,0.0,0.0,0.0,0.0,0.0,6,True,success,0.0,0.5816890597343445,1,2971.774900041055,0.001141,0,0.0,0,0.0,,slm,True,True,hardware,administrative rights,{}
llm_first,rag,rag,llm2,,,0.0,0.0,0.0,0.0,0.0,7,True,success,0.0,0.5816890597343445,1,2955.7459999923594,0.0010355,0,0.0,0,0.0,,slm,True,True,hr support,access,{}
llm_first,rag,rag,llm2,,,0.0,0.0,0.0,0.0,0.0,8,True,success,1.0,0.5816890597343445,1,2811.606800009031,0.0010375,0,0.0,0,0.0,,slm,True,True,access,access,{}
llm_first,rag,rag,llm2,,,0.0,0.0,0.0,0.0,0.0,9,True,success,1.0,0.5816890597343445,1,2816.6118999943137,0.0442,0,0.0,0,0.0,,llm,True,True,hr support,hr support,{}
llm_first,salience,salience,slm1,,,0.0,0.0,0.0,0.0,0.0,0,True,success,0.0,0.5816890597343445,1,921.4463999960572,0.000626,0,0.0,0,0.0,,slm,True,True,hardware,miscellaneous,{}
llm_first,salience,salience,slm1,,,0.0,0.0,0.0,0.0,0.0,1,True,success,0.0,0.5816890597343445,1,824.1691999719478,0.000631,0,0.0,0,0.0,,slm,True,True,access,miscellaneous,{}
llm_first,salience,salience,slm1,,,0.0,0.0,0.0,0.0,0.0,2,True,success,0.0,0.5816890597343445,1,686.2511999788694,0.000619,0,0.0,0,0.0,,slm,True,True,hardware,miscellaneous,{}
llm_first,salience,salience,slm1,,,0.0,0.0,0.0,0.0,0.0,3,True,success,1.0,0.5816890597343445,1,960.0723999901676,0.00094,0,0.0,0,0.0,,slm,True,True,access,access,{}
llm_first,salience,salience,slm1,,,0.0,0.0,0.0,0.0,0.0,4,True,success,1.0,0.5816890597343445,1,702.7843000250868,0.0006274999999999,0,0.0,0,0.0,,slm,True,True,miscellaneous,miscellaneous,{}
llm_first,salience,salience,slm1,,,0.0,0.0,0.0,0.0,0.0,5,True,success,1.0,0.5816890597343445,1,733.0966999870725,0.0006255,0,0.0,0,0.0,,slm,True,True,miscellaneous,miscellaneous,{}
llm_first,salience,salience,slm1,,,0.0,0.0,0.0,0.0,0.0,6,True,success,0.0,0.5816890597343445,1,779.4650999712758,0.000924,0,0.0,0,0.0,,slm,True,True,hardware,administrative rights,{}
llm_first,salience,salience,slm1,,,0.0,0.0,0.0,0.0,0.0,7,True,success,0.0,0.5816890597343445,1,668.9798000152223,0.0006085,0,0.0,0,0.0,,slm,True,True,hr support,access,{}
llm_first,salience,salience,slm1,,,0.0,0.0,0.0,0.0,0.0,8,True,success,1.0,0.5816890597343445,1,750.0636000186205,0.000614,0,0.0,0,0.0,,slm,True,True,access,access,{}
llm_first,salience,salience,slm1,,,0.0,0.0,0.0,0.0,0.0,9,True,success,1.0,0.5816890597343445,1,755.9387000510469,0.03266,0,0.0,0,0.0,,llm,True,True,hr support,hr support,{}
llm_first,salience,salience,slm2,,,0.0,0.0,0.0,0.0,0.0,0,True,success,0.0,0.5816890597343445,1,700.8808000246063,0.000626,0,0.0,0,0.0,,slm,True,True,hardware,miscellaneous,{}
llm_first,salience,salience,slm2,,,0.0,0.0,0.0,0.0,0.0,1,True,success,0.0,0.5816890597343445,1,756.1936000129208,0.000631,0,0.0,0,0.0,,slm,True,True,access,miscellaneous,{}
llm_first,salience,salience,slm2,,,0.0,0.0,0.0,0.0,0.0,2,True,success,0.0,0.5816890597343445,1,761.1101000220515,0.000619,0,0.0,0,0.0,,slm,True,True,hardware,miscellaneous,{}
llm_first,salience,salience,slm2,,,0.0,0.0,0.0,0.0,0.0,3,True,success,1.0,0.5816890597343445,1,704.1662000119686,0.00094,0,0.0,0,0.0,,slm,True,True,access,access,{}
llm_first,salience,salience,slm2,,,0.0,0.0,0.0,0.0,0.0,4,True,success,1.0,0.5816890597343445,1,911.8530999985524,0.0006274999999999,0,0.0,0,0.0,,slm,True,True,miscellaneous,miscellaneous,{}
llm_first,salience,salience,slm2,,,0.0,0.0,0.0,0.0,0.0,5,True,success,1.0,0.5816890597343445,1,834.7603000001982,0.0006255,0,0.0,0,0.0,,slm,True,True,miscellaneous,miscellaneous,{}
llm_first,salience,salience,slm2,,,0.0,0.0,0.0,0.0,0.0,6,True,success,0.0,0.5816890597343445,1,706.1598000000231,0.000924,0,0.0,0,0.0,,slm,True,True,hardware,administrative rights,{}
llm_first,salience,salience,slm2,,,0.0,0.0,0.0,0.0,0.0,7,True,success,0.0,0.5816890597343445,1,794.5943999802694,0.0006085,0,0.0,0,0.0,,slm,True,True,hr support,access,{}
llm_first,salience,salience,slm2,,,0.0,0.0,0.0,0.0,0.0,8,True,success,1.0,0.5816890597343445,1,856.7733999807388,0.000614,0,0.0,0,0.0,,slm,True,True,access,access,{}
llm_first,salience,salience,slm2,,,0.0,0.0,0.0,0.0,0.0,9,True,success,1.0,0.5816890597343445,1,747.9722999851219,0.03266,0,0.0,0,0.0,,llm,True,True,hr support,hr support,{}
llm_first,salience,salience,llm1,,,0.0,0.0,0.0,0.0,0.0,0,True,success,0.0,0.5816890597343445,1,734.5719000441022,0.000626,0,0.0,0,0.0,,slm,True,True,hardware,miscellaneous,{}
llm_first,salience,salience,llm1,,,0.0,0.0,0.0,0.0,0.0,1,True,success,0.0,0.5816890597343445,1,1034.9840999697335,0.000631,0,0.0,0,0.0,,slm,True,True,access,miscellaneous,{}
llm_first,salience,salience,llm1,,,0.0,0.0,0.0,0.0,0.0,2,True,success,0.0,0.5816890597343445,1,780.328200024087,0.000619,0,0.0,0,0.0,,slm,True,True,hardware,miscellaneous,{}
llm_first,salience,salience,llm1,,,0.0,0.0,0.0,0.0,0.0,3,True,success,1.0,0.5816890597343445,1,718.9901999663562,0.00094,0,0.0,0,0.0,,slm,True,True,access,access,{}
llm_first,salience,salience,llm1,,,0.0,0.0,0.0,0.0,0.0,4,True,success,1.0,0.5816890597343445,1,890.7972000306472,0.0006274999999999,0,0.0,0,0.0,,slm,True,True,miscellaneous,miscellaneous,{}
llm_first,salience,salience,llm1,,,0.0,0.0,0.0,0.0,0.0,5,True,success,1.0,0.5816890597343445,1,755.4468000307679,0.0006255,0,0.0,0,0.0,,slm,True,True,miscellaneous,miscellaneous,{}
llm_first,salience,salience,llm1,,,0.0,0.0,0.0,0.0,0.0,6,True,success,0.0,0.5816890597343445,1,872.7484000264667,0.000924,0,0.0,0,0.0,,slm,True,True,hardware,administrative rights,{}
llm_first,salience,salience,llm1,,,0.0,0.0,0.0,0.0,0.0,7,True,success,0.0,0.5816890597343445,1,744.4474999792874,0.0006085,0,0.0,0,0.0,,slm,True,True,hr support,access,{}
llm_first,salience,salience,llm1,,,0.0,0.0,0.0,0.0,0.0,8,True,success,1.0,0.5816890597343445,1,875.7909999694675,0.000614,0,0.0,0,0.0,,slm,True,True,access,access,{}
llm_first,salience,salience,llm1,,,0.0,0.0,0.0,0.0,0.0,9,True,success,1.0,0.5816890597343445,1,899.5275000343099,0.03266,0,0.0,0,0.0,,llm,True,True,hr support,hr support,{}
llm_first,salience,salience,llm2,,,0.0,0.0,0.0,0.0,0.0,0,True,success,0.0,0.5816890597343445,1,1073.9680000115186,0.000626,0,0.0,0,0.0,,slm,True,True,hardware,miscellaneous,{}
llm_first,salience,salience,llm2,,,0.0,0.0,0.0,0.0,0.0,1,True,success,0.0,0.5816890597343445,1,806.9713999866508,0.000631,0,0.0,0,0.0,,slm,True,True,access,miscellaneous,{}
llm_first,salience,salience,llm2,,,0.0,0.0,0.0,0.0,0.0,2,True,success,0.0,0.5816890597343445,1,913.5331999859771,0.000619,0,0.0,0,0.0,,slm,True,True,hardware,miscellaneous,{}
llm_first,salience,salience,llm2,,,0.0,0.0,0.0,0.0,0.0,3,True,success,1.0,0.5816890597343445,1,770.9199000382796,0.00094,0,0.0,0,0.0,,slm,True,True,access,access,{}
llm_first,salience,salience,llm2,,,0.0,0.0,0.0,0.0,0.0,4,True,success,1.0,0.5816890597343445,1,820.3994000214152,0.0006274999999999,0,0.0,0,0.0,,slm,True,True,miscellaneous,miscellaneous,{}
llm_first,salience,salience,llm2,,,0.0,0.0,0.0,0.0,0.0,5,True,success,1.0,0.5816890597343445,1,779.7956000431441,0.0006255,0,0.0,0,0.0,,slm,True,True,miscellaneous,miscellaneous,{}
llm_first,salience,salience,llm2,,,0.0,0.0,0.0,0.0,0.0,6,True,success,0.0,0.5816890597343445,1,742.127800011076,0.000924,0,0.0,0,0.0,,slm,True,True,hardware,administrative rights,{}
llm_first,salience,salience,llm2,,,0.0,0.0,0.0,0.0,0.0,7,True,success,0.0,0.5816890597343445,1,786.6047999705188,0.0006085,0,0.0,0,0.0,,slm,True,True,hr support,access,{}
llm_first,salience,salience,llm2,,,0.0,0.0,0.0,0.0,0.0,8,True,success,1.0,0.5816890597343445,1,806.8882999941707,0.000614,0,0.0,0,0.0,,slm,True,True,access,access,{}
llm_first,salience,salience,llm2,,,0.0,0.0,0.0,0.0,0.0,9,True,success,1.0,0.5816890597343445,1,779.7045999905095,0.03266,0,0.0,0,0.0,,llm,True,True,hr support,hr support,{}
slm_dominant,none,none,slm1,,,0.0,0.0,0.0,0.0,0.0,0,False,success,0.0,0.0,1,319.8339999653399,0.000158,0,0.0,0,0.0,,slm,True,True,hardware,miscellaneous,{}
slm_dominant,none,none,slm1,,,0.0,0.0,0.0,0.0,0.0,1,False,success,0.0,0.0,1,305.62810000265017,0.0001595,0,0.0,0,0.0,,slm,True,True,access,miscellaneous,{}
slm_dominant,none,none,slm1,,,0.0,0.0,0.0,0.0,0.0,2,False,success,0.0,0.0,1,293.73060003854334,0.0001555,0,0.0,0,0.0,,slm,True,True,hardware,miscellaneous,{}
slm_dominant,none,none,slm1,,,0.0,0.0,0.0,0.0,0.0,3,False,success,1.0,0.0,1,325.0052999937907,0.0002625,0,0.0,0,0.0,,slm,True,True,access,access,{}
slm_dominant,none,none,slm1,,,0.0,0.0,0.0,0.0,0.0,4,False,success,1.0,0.0,1,319.88470000214875,0.0001585,0,0.0,0,0.0,,slm,True,True,miscellaneous,miscellaneous,{}
slm_dominant,none,none,slm1,,,0.0,0.0,0.0,0.0,0.0,5,False,success,1.0,0.0,1,321.0932000074536,0.000158,0,0.0,0,0.0,,slm,True,True,miscellaneous,miscellaneous,{}
slm_dominant,none,none,slm1,,,0.0,0.0,0.0,0.0,0.0,6,False,success,0.0,0.0,1,299.7453000280075,0.0002575,0,0.0,0,0.0,,slm,True,True,hardware,administrative rights,{}
slm_dominant,none,none,slm1,,,0.0,0.0,0.0,0.0,0.0,7,False,success,0.0,0.0,1,610.5047999881208,0.000152,0,0.0,0,0.0,,slm,True,True,hr support,access,{}
slm_dominant,none,none,slm1,,,0.0,0.0,0.0,0.0,0.0,8,False,success,1.0,0.0,1,309.86450001364574,0.000154,0,0.0,0,0.0,,slm,True,True,access,access,{}
slm_dominant,none,none,slm1,,,0.0,0.0,0.0,0.0,0.0,9,False,success,1.0,0.0,1,324.9055999913253,0.0002215,0,0.0,0,0.0,,slm,True,True,hr support,hr support,{}
slm_dominant,none,none,slm2,,,0.0,0.0,0.0,0.0,0.0,0,False,success,0.0,0.0,1,301.1716000037268,0.000158,0,0.0,0,0.0,,slm,True,True,hardware,miscellaneous,{}
slm_dominant,none,none,slm2,,,0.0,0.0,0.0,0.0,0.0,1,False,success,0.0,0.0,1,307.2353000170551,0.0001595,0,0.0,0,0.0,,slm,True,True,access,miscellaneous,{}
slm_dominant,none,none,slm2,,,0.0,0.0,0.0,0.0,0.0,2,False,success,0.0,0.0,1,301.7288999981247,0.0001555,0,0.0,0,0.0,,slm,True,True,hardware,miscellaneous,{}
slm_dominant,none,none,slm2,,,0.0,0.0,0.0,0.0,0.0,3,False,success,1.0,0.0,1,294.0320000052452,0.0002625,0,0.0,0,0.0,,slm,True,True,access,access,{}
slm_dominant,none,none,slm2,,,0.0,0.0,0.0,0.0,0.0,4,False,success,1.0,0.0,1,451.7264000023715,0.0001585,0,0.0,0,0.0,,slm,True,True,miscellaneous,miscellaneous,{}
slm_dominant,none,none,slm2,,,0.0,0.0,0.0,0.0,0.0,5,False,success,1.0,0.0,1,309.540799993556,0.000158,0,0.0,0,0.0,,slm,True,True,miscellaneous,miscellaneous,{}
slm_dominant,none,none,slm2,,,0.0,0.0,0.0,0.0,0.0,6,False,success,0.0,0.0,1,302.8012000140734,0.0002575,0,0.0,0,0.0,,slm,True,True,hardware,administrative rights,{}
slm_dominant,none,none,slm2,,,0.0,0.0,0.0,0.0,0.0,7,False,success,0.0,0.0,1,292.4745000200346,0.000152,0,0.0,0,0.0,,slm,True,True,hr support,access,{}
slm_dominant,none,none,slm2,,,0.0,0.0,0.0,0.0,0.0,8,False,success,1.0,0.0,1,295.7268000463955,0.000154,0,0.0,0,0.0,,slm,True,True,access,access,{}
slm_dominant,none,none,slm2,,,0.0,0.0,0.0,0.0,0.0,9,False,success,1.0,0.0,1,296.2265000096522,0.0002215,0,0.0,0,0.0,,slm,True,True,hr support,hr support,{}
slm_dominant,none,none,llm1,,,0.0,0.0,0.0,0.0,0.0,0,False,success,0.0,0.0,1,325.8403000072576,0.000158,0,0.0,0,0.0,,slm,True,True,hardware,miscellaneous,{}
slm_dominant,none,none,llm1,,,0.0,0.0,0.0,0.0,0.0,1,False,success,0.0,0.0,1,317.9103000438772,0.0001595,0,0.0,0,0.0,,slm,True,True,access,miscellaneous,{}
slm_dominant,none,none,llm1,,,0.0,0.0,0.0,0.0,0.0,2,False,success,0.0,0.0,1,308.9394000126049,0.0001555,0,0.0,0,0.0,,slm,True,True,hardware,miscellaneous,{}
slm_dominant,none,none,llm1,,,0.0,0.0,0.0,0.0,0.0,3,False,success,1.0,0.0,1,331.26760000595823,0.0002625,0,0.0,0,0.0,,slm,True,True,access,access,{}
slm_dominant,none,none,llm1,,,0.0,0.0,0.0,0.0,0.0,4,False,success,1.0,0.0,1,302.6684999931604,0.0001585,0,0.0,0,0.0,,slm,True,True,miscellaneous,miscellaneous,{}
slm_dominant,none,none,llm1,,,0.0,0.0,0.0,0.0,0.0,5,False,success,1.0,0.0,1,305.98940001800656,0.000158,0,0.0,0,0.0,,slm,True,True,miscellaneous,miscellaneous,{}
slm_dominant,none,none,llm1,,,0.0,0.0,0.0,0.0,0.0,6,False,success,0.0,0.0,1,309.4244999811053,0.0002575,0,0.0,0,0.0,,slm,True,True,hardware,administrative rights,{}
slm_dominant,none,none,llm1,,,0.0,0.0,0.0,0.0,0.0,7,False,success,0.0,0.0,1,315.0103000225499,0.000152,0,0.0,0,0.0,,slm,True,True,hr support,access,{}
slm_dominant,none,none,llm1,,,0.0,0.0,0.0,0.0,0.0,8,False,success,1.0,0.0,1,317.29659996926785,0.000154,0,0.0,0,0.0,,slm,True,True,access,access,{}
slm_dominant,none,none,llm1,,,0.0,0.0,0.0,0.0,0.0,9,False,success,1.0,0.0,1,304.2012000223622,0.0002215,0,0.0,0,0.0,,slm,True,True,hr support,hr support,{}
slm_dominant,none,none,llm2,,,0.0,0.0,0.0,0.0,0.0,0,False,success,0.0,0.0,1,323.1961000128649,0.000158,0,0.0,0,0.0,,slm,True,True,hardware,miscellaneous,{}
slm_dominant,none,none,llm2,,,0.0,0.0,0.0,0.0,0.0,1,False,success,0.0,0.0,1,303.8323000073433,0.0001595,0,0.0,0,0.0,,slm,True,True,access,miscellaneous,{}
slm_dominant,none,none,llm2,,,0.0,0.0,0.0,0.0,0.0,2,False,success,0.0,0.0,1,311.0378999845125,0.0001555,0,0.0,0,0.0,,slm,True,True,hardware,miscellaneous,{}
slm_dominant,none,none,llm2,,,0.0,0.0,0.0,0.0,0.0,3,False,success,1.0,0.0,1,298.29720000270754,0.0002625,0,0.0,0,0.0,,slm,True,True,access,access,{}
slm_dominant,none,none,llm2,,,0.0,0.0,0.0,0.0,0.0,4,False,success,1.0,0.0,1,315.5507000046782,0.0001585,0,0.0,0,0.0,,slm,True,True,miscellaneous,miscellaneous,{}
slm_dominant,none,none,llm2,,,0.0,0.0,0.0,0.0,0.0,5,False,success,1.0,0.0,1,303.2015999779105,0.000158,0,0.0,0,0.0,,slm,True,True,miscellaneous,miscellaneous,{}
slm_dominant,none,none,llm2,,,0.0,0.0,0.0,0.0,0.0,6,False,success,0.0,0.0,1,311.1141000408679,0.0002575,0,0.0,0,0.0,,slm,True,True,hardware,administrative rights,{}
slm_dominant,none,none,llm2,,,0.0,0.0,0.0,0.0,0.0,7,False,success,0.0,0.0,1,307.2336999466643,0.000152,0,0.0,0,0.0,,slm,True,True,hr support,access,{}
slm_dominant,none,none,llm2,,,0.0,0.0,0.0,0.0,0.0,8,False,success,1.0,0.0,1,298.4607999678701,0.000154,0,0.0,0,0.0,,slm,True,True,access,access,{}
slm_dominant,none,none,llm2,,,0.0,0.0,0.0,0.0,0.0,9,False,success,1.0,0.0,1,295.4211000469513,0.0002215,0,0.0,0,0.0,,slm,True,True,hr support,hr support,{}
slm_dominant,transcript,transcript,slm1,,,0.0,0.0,0.0,0.0,0.0,0,False,success,0.0,0.0,1,313.0956999957561,0.000187,0,0.0,0,0.0,,slm,True,True,hardware,miscellaneous,{}
slm_dominant,transcript,transcript,slm1,,,0.0,0.0,0.0,0.0,0.0,1,False,success,0.0,0.0,1,311.46589998388663,0.000192,0,0.0,0,0.0,,slm,True,True,access,miscellaneous,{}
slm_dominant,transcript,transcript,slm1,,,0.0,0.0,0.0,0.0,0.0,2,False,success,0.0,0.0,1,337.8237999859266,0.0001805,0,0.0,0,0.0,,slm,True,True,hardware,miscellaneous,{}
slm_dominant,transcript,transcript,slm1,,,0.0,0.0,0.0,0.0,0.0,3,False,success,1.0,0.0,1,304.8136999714188,0.000501,0,0.0,0,0.0,,slm,True,True,access,access,{}
slm_dominant,transcript,transcript,slm1,,,0.0,0.0,0.0,0.0,0.0,4,False,success,1.0,0.0,1,312.10199999623,0.0001885,0,0.0,0,0.0,,slm,True,True,miscellaneous,miscellaneous,{}
slm_dominant,transcript,transcript,slm1,,,0.0,0.0,0.0,0.0,0.0,5,False,success,1.0,0.0,1,287.11650002514943,0.000187,0,0.0,0,0.0,,slm,True,True,miscellaneous,miscellaneous,{}
slm_dominant,transcript,transcript,slm1,,,0.0,0.0,0.0,0.0,0.0,6,False,success,0.0,0.0,1,305.77010003617033,0.0004855,0,0.0,0,0.0,,slm,True,True,hardware,administrative rights,{}
slm_dominant,transcript,transcript,slm1,,,0.0,0.0,0.0,0.0,0.0,7,False,success,0.0,0.0,1,308.3881000056863,0.00017,0,0.0,0,0.0,,slm,True,True,hr support,access,{}
slm_dominant,transcript,transcript,slm1,,,0.0,0.0,0.0,0.0,0.0,8,False,success,1.0,0.0,1,294.93420000653714,0.000175,0,0.0,0,0.0,,slm,True,True,access,access,{}
slm_dominant,transcript,transcript,slm1,,,0.0,0.0,0.0,0.0,0.0,9,False,success,1.0,0.0,1,344.7086999658495,0.0003775,0,0.0,0,0.0,,slm,True,True,hr support,hr support,{}
slm_dominant,transcript,transcript,slm2,,,0.0,0.0,0.0,0.0,0.0,0,False,success,0.0,0.0,1,311.3716999650933,0.000187,0,0.0,0,0.0,,slm,True,True,hardware,miscellaneous,{}
slm_dominant,transcript,transcript,slm2,,,0.0,0.0,0.0,0.0,0.0,1,False,success,0.0,0.0,1,298.43419999815524,0.000192,0,0.0,0,0.0,,slm,True,True,access,miscellaneous,{}
slm_dominant,transcript,transcript,slm2,,,0.0,0.0,0.0,0.0,0.0,2,False,success,0.0,0.0,1,477.6984000345692,0.0001805,0,0.0,0,0.0,,slm,True,True,hardware,miscellaneous,{}
slm_dominant,transcript,transcript,slm2,,,0.0,0.0,0.0,0.0,0.0,3,False,success,1.0,0.0,1,297.809400013648,0.000501,0,0.0,0,0.0,,slm,True,True,access,access,{}
slm_dominant,transcript,transcript,slm2,,,0.0,0.0,0.0,0.0,0.0,4,False,success,1.0,0.0,1,307.3203999665566,0.0001885,0,0.0,0,0.0,,slm,True,True,miscellaneous,miscellaneous,{}
slm_dominant,transcript,transcript,slm2,,,0.0,0.0,0.0,0.0,0.0,5,False,success,1.0,0.0,1,515.1127999997698,0.000187,0,0.0,0,0.0,,slm,True,True,miscellaneous,miscellaneous,{}
slm_dominant,transcript,transcript,slm2,,,0.0,0.0,0.0,0.0,0.0,6,False,success,0.0,0.0,1,346.8647000263445,0.0004855,0,0.0,0,0.0,,slm,True,True,hardware,administrative rights,{}
slm_dominant,transcript,transcript,slm2,,,0.0,0.0,0.0,0.0,0.0,7,False,success,0.0,0.0,1,300.8698000339791,0.00017,0,0.0,0,0.0,,slm,True,True,hr support,access,{}
slm_dominant,transcript,transcript,slm2,,,0.0,0.0,0.0,0.0,0.0,8,False,success,1.0,0.0,1,295.26579997036606,0.000175,0,0.0,0,0.0,,slm,True,True,access,access,{}
slm_dominant,transcript,transcript,slm2,,,0.0,0.0,0.0,0.0,0.0,9,False,success,1.0,0.0,1,311.3114000298083,0.0003775,0,0.0,0,0.0,,slm,True,True,hr support,hr support,{}
slm_dominant,transcript,transcript,llm1,,,0.0,0.0,0.0,0.0,0.0,0,False,success,0.0,0.0,1,301.3034000177868,0.000187,0,0.0,0,0.0,,slm,True,True,hardware,miscellaneous,{}
slm_dominant,transcript,transcript,llm1,,,0.0,0.0,0.0,0.0,0.0,1,False,success,0.0,0.0,1,310.68220001179725,0.000192,0,0.0,0,0.0,,slm,True,True,access,miscellaneous,{}
slm_dominant,transcript,transcript,llm1,,,0.0,0.0,0.0,0.0,0.0,2,False,success,0.0,0.0,1,304.99309999868274,0.0001805,0,0.0,0,0.0,,slm,True,True,hardware,miscellaneous,{}
slm_dominant,transcript,transcript,llm1,,,0.0,0.0,0.0,0.0,0.0,3,False,success,1.0,0.0,1,319.5833000354469,0.000501,0,0.0,0,0.0,,slm,True,True,access,access,{}
slm_dominant,transcript,transcript,llm1,,,0.0,0.0,0.0,0.0,0.0,4,False,success,1.0,0.0,1,305.2625000127591,0.0001885,0,0.0,0,0.0,,slm,True,True,miscellaneous,miscellaneous,{}
slm_dominant,transcript,transcript,llm1,,,0.0,0.0,0.0,0.0,0.0,5,False,success,1.0,0.0,1,299.4631999754347,0.000187,0,0.0,0,0.0,,slm,True,True,miscellaneous,miscellaneous,{}
slm_dominant,transcript,transcript,llm1,,,0.0,0.0,0.0,0.0,0.0,6,False,success,0.0,0.0,1,293.71270001865923,0.0004855,0,0.0,0,0.0,,slm,True,True,hardware,administrative rights,{}
slm_dominant,transcript,transcript,llm1,,,0.0,0.0,0.0,0.0,0.0,7,False,success,0.0,0.0,1,322.939999983646,0.00017,0,0.0,0,0.0,,slm,True,True,hr support,access,{}
slm_dominant,transcript,transcript,llm1,,,0.0,0.0,0.0,0.0,0.0,8,False,success,1.0,0.0,1,290.21210002247244,0.000175,0,0.0,0,0.0,,slm,True,True,access,access,{}
slm_dominant,transcript,transcript,llm1,,,0.0,0.0,0.0,0.0,0.0,9,False,success,1.0,0.0,1,296.30329995416105,0.0003775,0,0.0,0,0.0,,slm,True,True,hr support,hr support,{}
slm_dominant,transcript,transcript,llm2,,,0.0,0.0,0.0,0.0,0.0,0,False,success,0.0,0.0,1,318.0391999776475,0.000187,0,0.0,0,0.0,,slm,True,True,hardware,miscellaneous,{}
slm_dominant,transcript,transcript,llm2,,,0.0,0.0,0.0,0.0,0.0,1,False,success,0.0,0.0,1,299.65110000921413,0.000192,0,0.0,0,0.0,,slm,True,True,access,miscellaneous,{}
slm_dominant,transcript,transcript,llm2,,,0.0,0.0,0.0,0.0,0.0,2,False,success,0.0,0.0,1,280.22999997483566,0.0001805,0,0.0,0,0.0,,slm,True,True,hardware,miscellaneous,{}
slm_dominant,transcript,transcript,llm2,,,0.0,0.0,0.0,0.0,0.0,3,False,success,1.0,0.0,1,301.13999999593943,0.000501,0,0.0,0,0.0,,slm,True,True,access,access,{}
slm_dominant,transcript,transcript,llm2,,,0.0,0.0,0.0,0.0,0.0,4,False,success,1.0,0.0,1,308.2416000543162,0.0001885,0,0.0,0,0.0,,slm,True,True,miscellaneous,miscellaneous,{}
slm_dominant,transcript,transcript,llm2,,,0.0,0.0,0.0,0.0,0.0,5,False,success,1.0,0.0,1,315.3622999670916,0.000187,0,0.0,0,0.0,,slm,True,True,miscellaneous,miscellaneous,{}
slm_dominant,transcript,transcript,llm2,,,0.0,0.0,0.0,0.0,0.0,6,False,success,0.0,0.0,1,317.5355999846943,0.0004855,0,0.0,0,0.0,,slm,True,True,hardware,administrative rights,{}
slm_dominant,transcript,transcript,llm2,,,0.0,0.0,0.0,0.0,0.0,7,False,success,0.0,0.0,1,295.2219999860972,0.00017,0,0.0,0,0.0,,slm,True,True,hr support,access,{}
slm_dominant,transcript,transcript,llm2,,,0.0,0.0,0.0,0.0,0.0,8,False,success,1.0,0.0,1,322.73909996729344,0.000175,0,0.0,0,0.0,,slm,True,True,access,access,{}
slm_dominant,transcript,transcript,llm2,,,0.0,0.0,0.0,0.0,0.0,9,False,success,1.0,0.0,1,323.6786999623291,0.0003775,0,0.0,0,0.0,,slm,True,True,hr support,hr support,{}
slm_dominant,rag,rag,slm1,,,0.0,0.0,0.0,0.0,0.0,0,True,success,0.0,0.5816890597343445,1,2813.1930000381544,0.0010405,0,0.0,0,0.0,,slm,True,True,hardware,miscellaneous,{}
slm_dominant,rag,rag,slm1,,,0.0,0.0,0.0,0.0,0.0,1,True,success,0.0,0.5816890597343445,1,2759.472800011281,0.0010425,0,0.0,0,0.0,,slm,True,True,access,miscellaneous,{}
slm_dominant,rag,rag,slm1,,,0.0,0.0,0.0,0.0,0.0,2,True,success,0.0,0.5816890597343445,1,3020.2960000024177,0.0010385,0,0.0,0,0.0,,slm,True,True,hardware,miscellaneous,{}
slm_dominant,rag,rag,slm1,,,0.0,0.0,0.0,0.0,0.0,3,True,success,1.0,0.5816890597343445,1,2984.332399966661,0.0011455,0,0.0,0,0.0,,slm,True,True,access,access,{}
slm_dominant,rag,rag,slm1,,,0.0,0.0,0.0,0.0,0.0,4,True,success,1.0,0.5816890597343445,1,2826.801800052636,0.001041,0,0.0,0,0.0,,slm,True,True,miscellaneous,miscellaneous,{}
slm_dominant,rag,rag,slm1,,,0.0,0.0,0.0,0.0,0.0,5,True,success,1.0,0.5816890597343445,1,2756.861799978651,0.0010405,0,0.0,0,0.0,,slm,True,True,miscellaneous,miscellaneous,{}
slm_dominant,rag,rag,slm1,,,0.0,0.0,0.0,0.0,0.0,6,True,success,0.0,0.5816890597343445,1,3178.316500037909,0.00114,0,0.0,0,0.0,,slm,True,True,hardware,administrative rights,{}
slm_dominant,rag,rag,slm1,,,0.0,0.0,0.0,0.0,0.0,7,True,success,0.0,0.5816890597343445,1,2984.461600019131,0.001035,0,0.0,0,0.0,,slm,True,True,hr support,access,{}
slm_dominant,rag,rag,slm1,,,0.0,0.0,0.0,0.0,0.0,8,True,success,1.0,0.5816890597343445,1,2699.536599975545,0.0010365,0,0.0,0,0.0,,slm,True,True,access,access,{}
slm_dominant,rag,rag,slm1,,,0.0,0.0,0.0,0.0,0.0,9,True,success,1.0,0.5816890597343445,1,2854.678999981843,0.001104,0,0.0,0,0.0,,slm,True,True,hr support,hr support,{}
slm_dominant,rag,rag,slm2,,,0.0,0.0,0.0,0.0,0.0,0,True,success,0.0,0.5816890597343445,1,3016.852199973073,0.0010405,0,0.0,0,0.0,,slm,True,True,hardware,miscellaneous,{}
slm_dominant,rag,rag,slm2,,,0.0,0.0,0.0,0.0,0.0,1,True,success,0.0,0.5816890597343445,1,3176.209000055678,0.0010425,0,0.0,0,0.0,,slm,True,True,access,miscellaneous,{}
slm_dominant,rag,rag,slm2,,,0.0,0.0,0.0,0.0,0.0,2,True,success,0.0,0.5816890597343445,1,2962.9380999831483,0.0010385,0,0.0,0,0.0,,slm,True,True,hardware,miscellaneous,{}
slm_dominant,rag,rag,slm2,,,0.0,0.0,0.0,0.0,0.0,3,True,success,1.0,0.5816890597343445,1,3026.512200012803,0.0011455,0,0.0,0,0.0,,slm,True,True,access,access,{}
slm_dominant,rag,rag,slm2,,,0.0,0.0,0.0,0.0,0.0,4,True,success,1.0,0.5816890597343445,1,2994.1973999957554,0.001041,0,0.0,0,0.0,,slm,True,True,miscellaneous,miscellaneous,{}
slm_dominant,rag,rag,slm2,,,0.0,0.0,0.0,0.0,0.0,5,True,success,1.0,0.5816890597343445,1,2930.7149999658577,0.0010405,0,0.0,0,0.0,,slm,True,True,miscellaneous,miscellaneous,{}
slm_dominant,rag,rag,slm2,,,0.0,0.0,0.0,0.0,0.0,6,True,success,0.0,0.5816890597343445,1,2717.8418000112288,0.00114,0,0.0,0,0.0,,slm,True,True,hardware,administrative rights,{}
slm_dominant,rag,rag,slm2,,,0.0,0.0,0.0,0.0,0.0,7,True,success,0.0,0.5816890597343445,1,2726.858000038192,0.001035,0,0.0,0,0.0,,slm,True,True,hr support,access,{}
slm_dominant,rag,rag,slm2,,,0.0,0.0,0.0,0.0,0.0,8,True,success,1.0,0.5816890597343445,1,2774.114599975292,0.0010365,0,0.0,0,0.0,,slm,True,True,access,access,{}
slm_dominant,rag,rag,slm2,,,0.0,0.0,0.0,0.0,0.0,9,True,success,1.0,0.5816890597343445,1,2803.0280000530183,0.001104,0,0.0,0,0.0,,slm,True,True,hr support,hr support,{}
slm_dominant,rag,rag,llm1,,,0.0,0.0,0.0,0.0,0.0,0,True,success,0.0,0.5816890597343445,1,2829.925799975172,0.0010405,0,0.0,0,0.0,,slm,True,True,hardware,miscellaneous,{}
slm_dominant,rag,rag,llm1,,,0.0,0.0,0.0,0.0,0.0,1,True,success,0.0,0.5816890597343445,1,2903.5636999760754,0.0010425,0,0.0,0,0.0,,slm,True,True,access,miscellaneous,{}
slm_dominant,rag,rag,llm1,,,0.0,0.0,0.0,0.0,0.0,2,True,success,0.0,0.5816890597343445,1,2766.5003000292927,0.0010385,0,0.0,0,0.0,,slm,True,True,hardware,miscellaneous,{}
slm_dominant,rag,rag,llm1,,,0.0,0.0,0.0,0.0,0.0,3,True,success,1.0,0.5816890597343445,1,2916.63430002518,0.0011455,0,0.0,0,0.0,,slm,True,True,access,access,{}
slm_dominant,rag,rag,llm1,,,0.0,0.0,0.0,0.0,0.0,4,True,success,1.0,0.5816890597343445,1,2739.463899983093,0.001041,0,0.0,0,0.0,,slm,True,True,miscellaneous,miscellaneous,{}
slm_dominant,rag,rag,llm1,,,0.0,0.0,0.0,0.0,0.0,5,True,success,1.0,0.5816890597343445,1,2758.2067000330426,0.0010405,0,0.0,0,0.0,,slm,True,True,miscellaneous,miscellaneous,{}
slm_dominant,rag,rag,llm1,,,0.0,0.0,0.0,0.0,0.0,6,True,success,0.0,0.5816890597343445,1,3033.963900001254,0.00114,0,0.0,0,0.0,,slm,True,True,hardware,administrative rights,{}
slm_dominant,rag,rag,llm1,,,0.0,0.0,0.0,0.0,0.0,7,True,success,0.0,0.5816890597343445,1,2882.784199959133,0.001035,0,0.0,0,0.0,,slm,True,True,hr support,access,{}
slm_dominant,rag,rag,llm1,,,0.0,0.0,0.0,0.0,0.0,8,True,success,1.0,0.5816890597343445,1,2740.174600039609,0.0010365,0,0.0,0,0.0,,slm,True,True,access,access,{}
slm_dominant,rag,rag,llm1,,,0.0,0.0,0.0,0.0,0.0,9,True,success,1.0,0.5816890597343445,1,2835.686700011138,0.001104,0,0.0,0,0.0,,slm,True,True,hr support,hr support,{}
slm_dominant,rag,rag,llm2,,,0.0,0.0,0.0,0.0,0.0,0,True,success,0.0,0.5816890597343445,1,2981.356800009962,0.0010405,0,0.0,0,0.0,,slm,True,True,hardware,miscellaneous,{}
slm_dominant,rag,rag,llm2,,,0.0,0.0,0.0,0.0,0.0,1,True,success,0.0,0.5816890597343445,1,2846.8207999831066,0.0010425,0,0.0,0,0.0,,slm,True,True,access,miscellaneous,{}
slm_dominant,rag,rag,llm2,,,0.0,0.0,0.0,0.0,0.0,2,True,success,0.0,0.5816890597343445,1,3159.539300017059,0.0010385,0,0.0,0,0.0,,slm,True,True,hardware,miscellaneous,{}
slm_dominant,rag,rag,llm2,,,0.0,0.0,0.0,0.0,0.0,3,True,success,1.0,0.5816890597343445,1,2921.720499987714,0.0011455,0,0.0,0,0.0,,slm,True,True,access,access,{}
slm_dominant,rag,rag,llm2,,,0.0,0.0,0.0,0.0,0.0,4,True,success,1.0,0.5816890597343445,1,2905.808500014245,0.001041,0,0.0,0,0.0,,slm,True,True,miscellaneous,miscellaneous,{}
slm_dominant,rag,rag,llm2,,,0.0,0.0,0.0,0.0,0.0,5,True,success,1.0,0.5816890597343445,1,2694.832200009841,0.0010405,0,0.0,0,0.0,,slm,True,True,miscellaneous,miscellaneous,{}
slm_dominant,rag,rag,llm2,,,0.0,0.0,0.0,0.0,0.0,6,True,success,0.0,0.5816890597343445,1,2806.4725999720395,0.00114,0,0.0,0,0.0,,slm,True,True,hardware,administrative rights,{}
slm_dominant,rag,rag,llm2,,,0.0,0.0,0.0,0.0,0.0,7,True,success,0.0,0.5816890597343445,1,2891.6945999953896,0.001035,0,0.0,0,0.0,,slm,True,True,hr support,access,{}
slm_dominant,rag,rag,llm2,,,0.0,0.0,0.0,0.0,0.0,8,True,success,1.0,0.5816890597343445,1,3132.0129999658093,0.0010365,0,0.0,0,0.0,,slm,True,True,access,access,{}
slm_dominant,rag,rag,llm2,,,0.0,0.0,0.0,0.0,0.0,9,True,success,1.0,0.5816890597343445,1,3154.7458000131883,0.001104,0,0.0,0,0.0,,slm,True,True,hr support,hr support,{}
slm_dominant,salience,salience,slm1,,,0.0,0.0,0.0,0.0,0.0,0,True,success,0.0,0.5816890597343445,1,671.1234000395052,0.000625,0,0.0,0,0.0,,slm,True,True,hardware,miscellaneous,{}
slm_dominant,salience,salience,slm1,,,0.0,0.0,0.0,0.0,0.0,1,True,success,0.0,0.5816890597343445,1,698.9952999865636,0.00063,0,0.0,0,0.0,,slm,True,True,access,miscellaneous,{}
slm_dominant,salience,salience,slm1,,,0.0,0.0,0.0,0.0,0.0,2,True,success,0.0,0.5816890597343445,1,681.9829000160098,0.0006185,0,0.0,0,0.0,,slm,True,True,hardware,miscellaneous,{}
slm_dominant,salience,salience,slm1,,,0.0,0.0,0.0,0.0,0.0,3,True,success,1.0,0.5816890597343445,1,657.2371999500319,0.000939,0,0.0,0,0.0,,slm,True,True,access,access,{}
slm_dominant,salience,salience,slm1,,,0.0,0.0,0.0,0.0,0.0,4,True,success,1.0,0.5816890597343445,1,680.164799967315,0.0006265,0,0.0,0,0.0,,slm,True,True,miscellaneous,miscellaneous,{}
slm_dominant,salience,salience,slm1,,,0.0,0.0,0.0,0.0,0.0,5,True,success,1.0,0.5816890597343445,1,753.5716000129469,0.000625,0,0.0,0,0.0,,slm,True,True,miscellaneous,miscellaneous,{}
slm_dominant,salience,salience,slm1,,,0.0,0.0,0.0,0.0,0.0,6,True,success,0.0,0.5816890597343445,1,678.0655999900773,0.0009235,0,0.0,0,0.0,,slm,True,True,hardware,administrative rights,{}
slm_dominant,salience,salience,slm1,,,0.0,0.0,0.0,0.0,0.0,7,True,success,0.0,0.5816890597343445,1,615.8971000113524,0.000608,0,0.0,0,0.0,,slm,True,True,hr support,access,{}
slm_dominant,salience,salience,slm1,,,0.0,0.0,0.0,0.0,0.0,8,True,success,1.0,0.5816890597343445,1,725.259700033348,0.000613,0,0.0,0,0.0,,slm,True,True,access,access,{}
slm_dominant,salience,salience,slm1,,,0.0,0.0,0.0,0.0,0.0,9,True,success,1.0,0.5816890597343445,1,728.4845000249334,0.0008155,0,0.0,0,0.0,,slm,True,True,hr support,hr support,{}
slm_dominant,salience,salience,slm2,,,0.0,0.0,0.0,0.0,0.0,0,True,success,0.0,0.5816890597343445,1,657.9513000324368,0.000625,0,0.0,0,0.0,,slm,True,True,hardware,miscellaneous,{}
slm_dominant,salience,salience,slm2,,,0.0,0.0,0.0,0.0,0.0,1,True,success,0.0,0.5816890597343445,1,906.3230000319892,0.00063,0,0.0,0,0.0,,slm,True,True,access,miscellaneous,{}
slm_dominant,salience,salience,slm2,,,0.0,0.0,0.0,0.0,0.0,2,True,success,0.0,0.5816890597343445,1,1104.225699964445,0.0006185,0,0.0,0,0.0,,slm,True,True,hardware,miscellaneous,{}
slm_dominant,salience,salience,slm2,,,0.0,0.0,0.0,0.0,0.0,3,True,success,1.0,0.5816890597343445,1,748.3334999997169,0.000939,0,0.0,0,0.0,,slm,True,True,access,access,{}
slm_dominant,salience,salience,slm2,,,0.0,0.0,0.0,0.0,0.0,4,True,success,1.0,0.5816890597343445,1,745.4025999759324,0.0006265,0,0.0,0,0.0,,slm,True,True,miscellaneous,miscellaneous,{}
slm_dominant,salience,salience,slm2,,,0.0,0.0,0.0,0.0,0.0,5,True,success,1.0,0.5816890597343445,1,789.2202000366524,0.000625,0,0.0,0,0.0,,slm,True,True,miscellaneous,miscellaneous,{}
slm_dominant,salience,salience,slm2,,,0.0,0.0,0.0,0.0,0.0,6,True,success,0.0,0.5816890597343445,1,775.5378999863751,0.0009235,0,0.0,0,0.0,,slm,True,True,hardware,administrative rights,{}
slm_dominant,salience,salience,slm2,,,0.0,0.0,0.0,0.0,0.0,7,True,success,0.0,0.5816890597343445,1,735.9293000190519,0.000608,0,0.0,0,0.0,,slm,True,True,hr support,access,{}
slm_dominant,salience,salience,slm2,,,0.0,0.0,0.0,0.0,0.0,8,True,success,1.0,0.5816890597343445,1,683.3234000368975,0.000613,0,0.0,0,0.0,,slm,True,True,access,access,{}
slm_dominant,salience,salience,slm2,,,0.0,0.0,0.0,0.0,0.0,9,True,success,1.0,0.5816890597343445,1,757.8802999923937,0.0008155,0,0.0,0,0.0,,slm,True,True,hr support,hr support,{}
slm_dominant,salience,salience,llm1,,,0.0,0.0,0.0,0.0,0.0,0,True,success,0.0,0.5816890597343445,1,812.9438000032678,0.000625,0,0.0,0,0.0,,slm,True,True,hardware,miscellaneous,{}
slm_dominant,salience,salience,llm1,,,0.0,0.0,0.0,0.0,0.0,1,True,success,0.0,0.5816890597343445,1,991.968700021971,0.00063,0,0.0,0,0.0,,slm,True,True,access,miscellaneous,{}
slm_dominant,salience,salience,llm1,,,0.0,0.0,0.0,0.0,0.0,2,True,success,0.0,0.5816890597343445,1,786.7474000086077,0.0006185,0,0.0,0,0.0,,slm,True,True,hardware,miscellaneous,{}
slm_dominant,salience,salience,llm1,,,0.0,0.0,0.0,0.0,0.0,3,True,success,1.0,0.5816890597343445,1,756.471499975305,0.000939,0,0.0,0,0.0,,slm,True,True,access,access,{}
slm_dominant,salience,salience,llm1,,,0.0,0.0,0.0,0.0,0.0,4,True,success,1.0,0.5816890597343445,1,784.8968000034802,0.0006265,0,0.0,0,0.0,,slm,True,True,miscellaneous,miscellaneous,{}
slm_dominant,salience,salience,llm1,,,0.0,0.0,0.0,0.0,0.0,5,True,success,1.0,0.5816890597343445,1,753.0382999684662,0.000625,0,0.0,0,0.0,,slm,True,True,miscellaneous,miscellaneous,{}
slm_dominant,salience,salience,llm1,,,0.0,0.0,0.0,0.0,0.0,6,True,success,0.0,0.5816890597343445,1,731.7639999673702,0.0009235,0,0.0,0,0.0,,slm,True,True,hardware,administrative rights,{}
slm_dominant,salience,salience,llm1,,,0.0,0.0,0.0,0.0,0.0,7,True,success,0.0,0.5816890597343445,1,741.844600008335,0.000608,0,0.0,0,0.0,,slm,True,True,hr support,access,{}
slm_dominant,salience,salience,llm1,,,0.0,0.0,0.0,0.0,0.0,8,True,success,1.0,0.5816890597343445,1,748.9156000083312,0.000613,0,0.0,0,0.0,,slm,True,True,access,access,{}
slm_dominant,salience,salience,llm1,,,0.0,0.0,0.0,0.0,0.0,9,True,success,1.0,0.5816890597343445,1,691.8605000246316,0.0008155,0,0.0,0,0.0,,slm,True,True,hr support,hr support,{}
slm_dominant,salience,salience,llm2,,,0.0,0.0,0.0,0.0,0.0,0,True,success,0.0,0.5816890597343445,1,693.857999984175,0.000625,0,0.0,0,0.0,,slm,True,True,hardware,miscellaneous,{}
slm_dominant,salience,salience,llm2,,,0.0,0.0,0.0,0.0,0.0,1,True,success,0.0,0.5816890597343445,1,850.6534000043757,0.00063,0,0.0,0,0.0,,slm,True,True,access,miscellaneous,{}
slm_dominant,salience,salience,llm2,,,0.0,0.0,0.0,0.0,0.0,2,True,success,0.0,0.5816890597343445,1,704.6541000017896,0.0006185,0,0.0,0,0.0,,slm,True,True,hardware,miscellaneous,{}
slm_dominant,salience,salience,llm2,,,0.0,0.0,0.0,0.0,0.0,3,True,success,1.0,0.5816890597343445,1,688.2206000154838,0.000939,0,0.0,0,0.0,,slm,True,True,access,access,{}
slm_dominant,salience,salience,llm2,,,0.0,0.0,0.0,0.0,0.0,4,True,success,1.0,0.5816890597343445,1,869.2927999654785,0.0006265,0,0.0,0,0.0,,slm,True,True,miscellaneous,miscellaneous,{}
slm_dominant,salience,salience,llm2,,,0.0,0.0,0.0,0.0,0.0,5,True,success,1.0,0.5816890597343445,1,748.1023999862373,0.000625,0,0.0,0,0.0,,slm,True,True,miscellaneous,miscellaneous,{}
slm_dominant,salience,salience,llm2,,,0.0,0.0,0.0,0.0,0.0,6,True,success,0.0,0.5816890597343445,1,707.8547999844886,0.0009235,0,0.0,0,0.0,,slm,True,True,hardware,administrative rights,{}
slm_dominant,salience,salience,llm2,,,0.0,0.0,0.0,0.0,0.0,7,True,success,0.0,0.5816890597343445,1,689.5374999730848,0.000608,0,0.0,0,0.0,,slm,True,True,hr support,access,{}
slm_dominant,salience,salience,llm2,,,0.0,0.0,0.0,0.0,0.0,8,True,success,1.0,0.5816890597343445,1,769.2974000237882,0.000613,0,0.0,0,0.0,,slm,True,True,access,access,{}
slm_dominant,salience,salience,llm2,,,0.0,0.0,0.0,0.0,0.0,9,True,success,1.0,0.5816890597343445,1,732.8146999934688,0.0008155,0,0.0,0,0.0,,slm,True,True,hr support,hr support,{}
hybrid_specialist,none,none,slm1,,,0.0,0.0,0.0,0.0,0.0,0,False,success,0.0,0.0,1,944.1114999935962,0.00666,0,0.0,0,0.0,,llm,True,True,hardware,miscellaneous,{}
hybrid_specialist,none,none,slm1,,,0.0,0.0,0.0,0.0,0.0,1,False,success,0.0,0.0,1,1100.5150999990292,0.00672,0,0.0,0,0.0,,llm,True,True,access,miscellaneous,{}
hybrid_specialist,none,none,slm1,,,0.0,0.0,0.0,0.0,0.0,2,False,success,0.0,0.0,1,941.1289999843576,0.00656,0,0.0,0,0.0,,llm,True,True,hardware,miscellaneous,{}
hybrid_specialist,none,none,slm1,,,0.0,0.0,0.0,0.0,0.0,3,False,success,1.0,0.0,1,913.4887999971396,0.01084,0,0.0,0,0.0,,llm,True,True,access,access,{}
hybrid_specialist,none,none,slm1,,,0.0,0.0,0.0,0.0,0.0,4,False,success,1.0,0.0,1,965.745399997104,0.00668,0,0.0,0,0.0,,llm,True,True,miscellaneous,miscellaneous,{}
hybrid_specialist,none,none,slm1,,,0.0,0.0,0.0,0.0,0.0,5,False,success,1.0,0.0,1,946.8973000184632,0.00666,0,0.0,0,0.0,,llm,True,True,miscellaneous,miscellaneous,{}
hybrid_specialist,none,none,slm1,,,0.0,0.0,0.0,0.0,0.0,6,False,success,0.0,0.0,1,1123.2991999713704,0.01064,0,0.0,0,0.0,,llm,True,True,hardware,administrative rights,{}
hybrid_specialist,none,none,slm1,,,0.0,0.0,0.0,0.0,0.0,7,False,success,0.0,0.0,1,931.2656000256538,0.00642,0,0.0,0,0.0,,llm,True,True,hr support,access,{}
hybrid_specialist,none,none,slm1,,,0.0,0.0,0.0,0.0,0.0,8,False,success,1.0,0.0,1,917.2164000337943,0.0065,0,0.0,0,0.0,,llm,True,True,access,access,{}
hybrid_specialist,none,none,slm1,,,0.0,0.0,0.0,0.0,0.0,9,False,success,1.0,0.0,1,927.3163999896497,0.0092,0,0.0,0,0.0,,llm,True,True,hr support,hr support,{}
hybrid_specialist,none,none,slm2,,,0.0,0.0,0.0,0.0,0.0,0,False,success,0.0,0.0,1,936.2733999732882,0.00666,0,0.0,0,0.0,,llm,True,True,hardware,miscellaneous,{}
hybrid_specialist,none,none,slm2,,,0.0,0.0,0.0,0.0,0.0,1,False,success,0.0,0.0,1,950.9853000054136,0.00672,0,0.0,0,0.0,,llm,True,True,access,miscellaneous,{}
hybrid_specialist,none,none,slm2,,,0.0,0.0,0.0,0.0,0.0,2,False,success,0.0,0.0,1,953.3578000264242,0.00656,0,0.0,0,0.0,,llm,True,True,hardware,miscellaneous,{}
hybrid_specialist,none,none,slm2,,,0.0,0.0,0.0,0.0,0.0,3,False,success,1.0,0.0,1,966.9161000056192,0.01084,0,0.0,0,0.0,,llm,True,True,access,access,{}
hybrid_specialist,none,none,slm2,,,0.0,0.0,0.0,0.0,0.0,4,False,success,1.0,0.0,1,905.9082000167108,0.00668,0,0.0,0,0.0,,llm,True,True,miscellaneous,miscellaneous,{}
hybrid_specialist,none,none,slm2,,,0.0,0.0,0.0,0.0,0.0,5,False,success,1.0,0.0,1,906.1412999872118,0.00666,0,0.0,0,0.0,,llm,True,True,miscellaneous,miscellaneous,{}
hybrid_specialist,none,none,slm2,,,0.0,0.0,0.0,0.0,0.0,6,False,success,0.0,0.0,1,932.5038999668324,0.01064,0,0.0,0,0.0,,llm,True,True,hardware,administrative rights,{}
hybrid_specialist,none,none,slm2,,,0.0,0.0,0.0,0.0,0.0,7,False,success,0.0,0.0,1,958.239900006447,0.00642,0,0.0,0,0.0,,llm,True,True,hr support,access,{}
hybrid_specialist,none,none,slm2,,,0.0,0.0,0.0,0.0,0.0,8,False,success,1.0,0.0,1,894.8898000526242,0.0065,0,0.0,0,0.0,,llm,True,True,access,access,{}
hybrid_specialist,none,none,slm2,,,0.0,0.0,0.0,0.0,0.0,9,False,success,1.0,0.0,1,937.7417000359856,0.0092,0,0.0,0,0.0,,llm,True,True,hr support,hr support,{}
hybrid_specialist,none,none,llm1,,,0.0,0.0,0.0,0.0,0.0,0,False,success,0.0,0.0,1,983.9705000049436,0.00666,0,0.0,0,0.0,,llm,True,True,hardware,miscellaneous,{}
hybrid_specialist,none,none,llm1,,,0.0,0.0,0.0,0.0,0.0,1,False,success,0.0,0.0,1,915.120300021954,0.00672,0,0.0,0,0.0,,llm,True,True,access,miscellaneous,{}
hybrid_specialist,none,none,llm1,,,0.0,0.0,0.0,0.0,0.0,2,False,success,0.0,0.0,1,1479.4961999868974,0.00656,0,0.0,0,0.0,,llm,True,True,hardware,miscellaneous,{}
hybrid_specialist,none,none,llm1,,,0.0,0.0,0.0,0.0,0.0,3,False,success,1.0,0.0,1,921.460300043691,0.01084,0,0.0,0,0.0,,llm,True,True,access,access,{}
hybrid_specialist,none,none,llm1,,,0.0,0.0,0.0,0.0,0.0,4,False,success,1.0,0.0,1,915.8270999905652,0.00668,0,0.0,0,0.0,,llm,True,True,miscellaneous,miscellaneous,{}
hybrid_specialist,none,none,llm1,,,0.0,0.0,0.0,0.0,0.0,5,False,success,1.0,0.0,1,918.825700005982,0.00666,0,0.0,0,0.0,,llm,True,True,miscellaneous,miscellaneous,{}
hybrid_specialist,none,none,llm1,,,0.0,0.0,0.0,0.0,0.0,6,False,success,0.0,0.0,1,893.7076999573037,0.01064,0,0.0,0,0.0,,llm,True,True,hardware,administrative rights,{}
hybrid_specialist,none,none,llm1,,,0.0,0.0,0.0,0.0,0.0,7,False,success,0.0,0.0,1,906.3282999559306,0.00642,0,0.0,0,0.0,,llm,True,True,hr support,access,{}
hybrid_specialist,none,none,llm1,,,0.0,0.0,0.0,0.0,0.0,8,False,success,1.0,0.0,1,1091.763100004755,0.0065,0,0.0,0,0.0,,llm,True,True,access,access,{}
hybrid_specialist,none,none,llm1,,,0.0,0.0,0.0,0.0,0.0,9,False,success,1.0,0.0,1,886.0820999834687,0.0092,0,0.0,0,0.0,,llm,True,True,hr support,hr support,{}
hybrid_specialist,none,none,llm2,,,0.0,0.0,0.0,0.0,0.0,0,False,success,0.0,0.0,1,932.1386000374332,0.00666,0,0.0,0,0.0,,llm,True,True,hardware,miscellaneous,{}
hybrid_specialist,none,none,llm2,,,0.0,0.0,0.0,0.0,0.0,1,False,success,0.0,0.0,1,913.0317999515682,0.00672,0,0.0,0,0.0,,llm,True,True,access,miscellaneous,{}
hybrid_specialist,none,none,llm2,,,0.0,0.0,0.0,0.0,0.0,2,False,success,0.0,0.0,1,923.656300001312,0.00656,0,0.0,0,0.0,,llm,True,True,hardware,miscellaneous,{}
hybrid_specialist,none,none,llm2,,,0.0,0.0,0.0,0.0,0.0,3,False,success,1.0,0.0,1,908.4990000119432,0.01084,0,0.0,0,0.0,,llm,True,True,access,access,{}
hybrid_specialist,none,none,llm2,,,0.0,0.0,0.0,0.0,0.0,4,False,success,1.0,0.0,1,1273.1062000384554,0.00668,0,0.0,0,0.0,,llm,True,True,miscellaneous,miscellaneous,{}
hybrid_specialist,none,none,llm2,,,0.0,0.0,0.0,0.0,0.0,5,False,success,1.0,0.0,1,1073.6490999697708,0.00666,0,0.0,0,0.0,,llm,True,True,miscellaneous,miscellaneous,{}
hybrid_specialist,none,none,llm2,,,0.0,0.0,0.0,0.0,0.0,6,False,success,0.0,0.0,1,1214.7786000277847,0.01064,0,0.0,0,0.0,,llm,True,True,hardware,administrative rights,{}
hybrid_specialist,none,none,llm2,,,0.0,0.0,0.0,0.0,0.0,7,False,success,0.0,0.0,1,1041.0973000107333,0.00642,0,0.0,0,0.0,,llm,True,True,hr support,access,{}
hybrid_specialist,none,none,llm2,,,0.0,0.0,0.0,0.0,0.0,8,False,success,1.0,0.0,1,1243.663600005675,0.0065,0,0.0,0,0.0,,llm,True,True,access,access,{}
hybrid_specialist,none,none,llm2,,,0.0,0.0,0.0,0.0,0.0,9,False,success,1.0,0.0,1,1143.7425999902189,0.0092,0,0.0,0,0.0,,llm,True,True,hr support,hr support,{}
hybrid_specialist,transcript,transcript,slm1,,,0.0,0.0,0.0,0.0,0.0,0,False,success,0.0,0.0,1,1105.612499988638,0.00666,0,0.0,0,0.0,,llm,True,True,hardware,miscellaneous,{}
hybrid_specialist,transcript,transcript,slm1,,,0.0,0.0,0.0,0.0,0.0,1,False,success,0.0,0.0,1,1052.2393000428565,0.00672,0,0.0,0,0.0,,llm,True,True,access,miscellaneous,{}
hybrid_specialist,transcript,transcript,slm1,,,0.0,0.0,0.0,0.0,0.0,2,False,success,0.0,0.0,1,1000.44810003601,0.00656,0,0.0,0,0.0,,llm,True,True,hardware,miscellaneous,{}
hybrid_specialist,transcript,transcript,slm1,,,0.0,0.0,0.0,0.0,0.0,3,False,success,1.0,0.0,1,1053.2774000312202,0.01084,0,0.0,0,0.0,,llm,True,True,access,access,{}
hybrid_specialist,transcript,transcript,slm1,,,0.0,0.0,0.0,0.0,0.0,4,False,success,1.0,0.0,1,1064.9745999835432,0.00668,0,0.0,0,0.0,,llm,True,True,miscellaneous,miscellaneous,{}
hybrid_specialist,transcript,transcript,slm1,,,0.0,0.0,0.0,0.0,0.0,5,False,success,1.0,0.0,1,1011.4444000064397,0.00666,0,0.0,0,0.0,,llm,True,True,miscellaneous,miscellaneous,{}
hybrid_specialist,transcript,transcript,slm1,,,0.0,0.0,0.0,0.0,0.0,6,False,success,0.0,0.0,1,1043.7510999618098,0.01064,0,0.0,0,0.0,,llm,True,True,hardware,administrative rights,{}
hybrid_specialist,transcript,transcript,slm1,,,0.0,0.0,0.0,0.0,0.0,7,False,success,0.0,0.0,1,1016.281699994579,0.00642,0,0.0,0,0.0,,llm,True,True,hr support,access,{}
hybrid_specialist,transcript,transcript,slm1,,,0.0,0.0,0.0,0.0,0.0,8,False,success,1.0,0.0,1,983.2614000188188,0.0065,0,0.0,0,0.0,,llm,True,True,access,access,{}
hybrid_specialist,transcript,transcript,slm1,,,0.0,0.0,0.0,0.0,0.0,9,False,success,1.0,0.0,1,1079.1684000287205,0.0092,0,0.0,0,0.0,,llm,True,True,hr support,hr support,{}
hybrid_specialist,transcript,transcript,slm2,,,0.0,0.0,0.0,0.0,0.0,0,False,success,0.0,0.0,1,963.415400008671,0.00666,0,0.0,0,0.0,,llm,True,True,hardware,miscellaneous,{}
hybrid_specialist,transcript,transcript,slm2,,,0.0,0.0,0.0,0.0,0.0,1,False,success,0.0,0.0,1,1005.5969000095502,0.00672,0,0.0,0,0.0,,llm,True,True,access,miscellaneous,{}
hybrid_specialist,transcript,transcript,slm2,,,0.0,0.0,0.0,0.0,0.0,2,False,success,0.0,0.0,1,1070.3975000069477,0.00656,0,0.0,0,0.0,,llm,True,True,hardware,miscellaneous,{}
hybrid_specialist,transcript,transcript,slm2,,,0.0,0.0,0.0,0.0,0.0,3,False,success,1.0,0.0,1,1244.1452000057325,0.01084,0,0.0,0,0.0,,llm,True,True,access,access,{}
hybrid_specialist,transcript,transcript,slm2,,,0.0,0.0,0.0,0.0,0.0,4,False,success,1.0,0.0,1,967.9516999749468,0.00668,0,0.0,0,0.0,,llm,True,True,miscellaneous,miscellaneous,{}
hybrid_specialist,transcript,transcript,slm2,,,0.0,0.0,0.0,0.0,0.0,5,False,success,1.0,0.0,1,1003.4931999980472,0.00666,0,0.0,0,0.0,,llm,True,True,miscellaneous,miscellaneous,{}
hybrid_specialist,transcript,transcript,slm2,,,0.0,0.0,0.0,0.0,0.0,6,False,success,0.0,0.0,1,1007.0821999688632,0.01064,0,0.0,0,0.0,,llm,True,True,hardware,administrative rights,{}
hybrid_specialist,transcript,transcript,slm2,,,0.0,0.0,0.0,0.0,0.0,7,False,success,0.0,0.0,1,1020.9516000468284,0.00642,0,0.0,0,0.0,,llm,True,True,hr support,access,{}
hybrid_specialist,transcript,transcript,slm2,,,0.0,0.0,0.0,0.0,0.0,8,False,success,1.0,0.0,1,1004.0086000226438,0.0065,0,0.0,0,0.0,,llm,True,True,access,access,{}
hybrid_specialist,transcript,transcript,slm2,,,0.0,0.0,0.0,0.0,0.0,9,False,success,1.0,0.0,1,961.434900003951,0.0092,0,0.0,0,0.0,,llm,True,True,hr support,hr support,{}
hybrid_specialist,transcript,transcript,llm1,,,0.0,0.0,0.0,0.0,0.0,0,False,success,0.0,0.0,1,1058.0354000558143,0.00666,0,0.0,0,0.0,,llm,True,True,hardware,miscellaneous,{}
hybrid_specialist,transcript,transcript,llm1,,,0.0,0.0,0.0,0.0,0.0,1,False,success,0.0,0.0,1,980.0299999769776,0.00672,0,0.0,0,0.0,,llm,True,True,access,miscellaneous,{}
hybrid_specialist,transcript,transcript,llm1,,,0.0,0.0,0.0,0.0,0.0,2,False,success,0.0,0.0,1,987.8268000320533,0.00656,0,0.0,0,0.0,,llm,True,True,hardware,miscellaneous,{}
hybrid_specialist,transcript,transcript,llm1,,,0.0,0.0,0.0,0.0,0.0,3,False,success,1.0,0.0,1,1219.7401999728754,0.01084,0,0.0,0,0.0,,llm,True,True,access,access,{}
hybrid_specialist,transcript,transcript,llm1,,,0.0,0.0,0.0,0.0,0.0,4,False,success,1.0,0.0,1,1020.7419999642298,0.00668,0,0.0,0,0.0,,llm,True,True,miscellaneous,miscellaneous,{}
hybrid_specialist,transcript,transcript,llm1,,,0.0,0.0,0.0,0.0,0.0,5,False,success,1.0,0.0,1,939.4386000349186,0.00666,0,0.0,0,0.0,,llm,True,True,miscellaneous,miscellaneous,{}
hybrid_specialist,transcript,transcript,llm1,,,0.0,0.0,0.0,0.0,0.0,6,False,success,0.0,0.0,1,967.3987999558448,0.01064,0,0.0,0,0.0,,llm,True,True,hardware,administrative rights,{}
hybrid_specialist,transcript,transcript,llm1,,,0.0,0.0,0.0,0.0,0.0,7,False,success,0.0,0.0,1,943.6339000239968,0.00642,0,0.0,0,0.0,,llm,True,True,hr support,access,{}
hybrid_specialist,transcript,transcript,llm1,,,0.0,0.0,0.0,0.0,0.0,8,False,success,1.0,0.0,1,965.9451000043192,0.0065,0,0.0,0,0.0,,llm,True,True,access,access,{}
hybrid_specialist,transcript,transcript,llm1,,,0.0,0.0,0.0,0.0,0.0,9,False,success,1.0,0.0,1,945.5330000491812,0.0092,0,0.0,0,0.0,,llm,True,True,hr support,hr support,{}
hybrid_specialist,transcript,transcript,llm2,,,0.0,0.0,0.0,0.0,0.0,0,False,success,0.0,0.0,1,946.1594999884256,0.00666,0,0.0,0,0.0,,llm,True,True,hardware,miscellaneous,{}
hybrid_specialist,transcript,transcript,llm2,,,0.0,0.0,0.0,0.0,0.0,1,False,success,0.0,0.0,1,928.837499988731,0.00672,0,0.0,0,0.0,,llm,True,True,access,miscellaneous,{}
hybrid_specialist,transcript,transcript,llm2,,,0.0,0.0,0.0,0.0,0.0,2,False,success,0.0,0.0,1,924.8747999663464,0.00656,0,0.0,0,0.0,,llm,True,True,hardware,miscellaneous,{}
hybrid_specialist,transcript,transcript,llm2,,,0.0,0.0,0.0,0.0,0.0,3,False,success,1.0,0.0,1,917.6368999760598,0.01084,0,0.0,0,0.0,,llm,True,True,access,access,{}
hybrid_specialist,transcript,transcript,llm2,,,0.0,0.0,0.0,0.0,0.0,4,False,success,1.0,0.0,1,918.4756000177003,0.00668,0,0.0,0,0.0,,llm,True,True,miscellaneous,miscellaneous,{}
hybrid_specialist,transcript,transcript,llm2,,,0.0,0.0,0.0,0.0,0.0,5,False,success,1.0,0.0,1,1086.6131000220776,0.00666,0,0.0,0,0.0,,llm,True,True,miscellaneous,miscellaneous,{}
hybrid_specialist,transcript,transcript,llm2,,,0.0,0.0,0.0,0.0,0.0,6,False,success,0.0,0.0,1,1067.2964999685064,0.01064,0,0.0,0,0.0,,llm,True,True,hardware,administrative rights,{}
hybrid_specialist,transcript,transcript,llm2,,,0.0,0.0,0.0,0.0,0.0,7,False,success,0.0,0.0,1,1029.439000005368,0.00642,0,0.0,0,0.0,,llm,True,True,hr support,access,{}
hybrid_specialist,transcript,transcript,llm2,,,0.0,0.0,0.0,0.0,0.0,8,False,success,1.0,0.0,1,945.6643000012264,0.0065,0,0.0,0,0.0,,llm,True,True,access,access,{}
hybrid_specialist,transcript,transcript,llm2,,,0.0,0.0,0.0,0.0,0.0,9,False,success,1.0,0.0,1,925.30430003535,0.0092,0,0.0,0,0.0,,llm,True,True,hr support,hr support,{}
hybrid_specialist,rag,rag,slm1,,,0.0,0.0,0.0,0.0,0.0,0,True,success,0.0,0.5563770532608032,1,3383.982700004708,0.02414,0,0.0,0,0.0,,llm,True,True,hardware,miscellaneous,{}
hybrid_specialist,rag,rag,slm1,,,0.0,0.0,0.0,0.0,0.0,1,True,success,0.0,0.5563770532608032,1,3585.9126999857835,0.0242,0,0.0,0,0.0,,llm,True,True,access,miscellaneous,{}
hybrid_specialist,rag,rag,slm1,,,0.0,0.0,0.0,0.0,0.0,2,True,success,0.0,0.5563770532608032,1,3791.405699972529,0.02404,0,0.0,0,0.0,,llm,True,True,hardware,miscellaneous,{}
hybrid_specialist,rag,rag,slm1,,,0.0,0.0,0.0,0.0,0.0,3,True,success,1.0,0.5563770532608032,1,3384.05849999981,0.0283199999999999,0,0.0,0,0.0,,llm,True,True,access,access,{}
hybrid_specialist,rag,rag,slm1,,,0.0,0.0,0.0,0.0,0.0,4,True,success,1.0,0.5563770532608032,1,3623.31469997298,0.02416,0,0.0,0,0.0,,llm,True,True,miscellaneous,miscellaneous,{}
hybrid_specialist,rag,rag,slm1,,,0.0,0.0,0.0,0.0,0.0,5,True,success,1.0,0.5563770532608032,1,3380.724899994675,0.02412,0,0.0,0,0.0,,llm,True,True,miscellaneous,miscellaneous,{}
hybrid_specialist,rag,rag,slm1,,,0.0,0.0,0.0,0.0,0.0,6,True,success,0.0,0.5563770532608032,1,3737.099699967075,0.0281,0,0.0,0,0.0,,llm,True,True,hardware,administrative rights,{}
hybrid_specialist,rag,rag,slm1,,,0.0,0.0,0.0,0.0,0.0,7,True,success,0.0,0.5563770532608032,1,3417.887899966445,0.0239,0,0.0,0,0.0,,llm,True,True,hr support,access,{}
hybrid_specialist,rag,rag,slm1,,,0.0,0.0,0.0,0.0,0.0,8,True,success,1.0,0.5563770532608032,1,3501.2572000268847,0.02398,0,0.0,0,0.0,,llm,True,True,access,access,{}
hybrid_specialist,rag,rag,slm1,,,0.0,0.0,0.0,0.0,0.0,9,True,success,1.0,0.5563770532608032,1,3370.632000034675,0.02668,0,0.0,0,0.0,,llm,True,True,hr support,hr support,{}
hybrid_specialist,rag,rag,slm2,,,0.0,0.0,0.0,0.0,0.0,0,True,success,0.0,0.5563770532608032,1,3206.338199961465,0.02414,0,0.0,0,0.0,,llm,True,True,hardware,miscellaneous,{}
hybrid_specialist,rag,rag,slm2,,,0.0,0.0,0.0,0.0,0.0,1,True,success,0.0,0.5563770532608032,1,3503.741499967873,0.0242,0,0.0,0,0.0,,llm,True,True,access,miscellaneous,{}
hybrid_specialist,rag,rag,slm2,,,0.0,0.0,0.0,0.0,0.0,2,True,success,0.0,0.5563770532608032,1,3422.15609998675,0.02404,0,0.0,0,0.0,,llm,True,True,hardware,miscellaneous,{}
hybrid_specialist,rag,rag,slm2,,,0.0,0.0,0.0,0.0,0.0,3,True,success,1.0,0.5563770532608032,1,3644.157700007781,0.0283199999999999,0,0.0,0,0.0,,llm,True,True,access,access,{}
hybrid_specialist,rag,rag,slm2,,,0.0,0.0,0.0,0.0,0.0,4,True,success,1.0,0.5563770532608032,1,3225.495799968485,0.02416,0,0.0,0,0.0,,llm,True,True,miscellaneous,miscellaneous,{}
hybrid_specialist,rag,rag,slm2,,,0.0,0.0,0.0,0.0,0.0,5,True,success,1.0,0.5563770532608032,1,3210.380099946633,0.02412,0,0.0,0,0.0,,llm,True,True,miscellaneous,miscellaneous,{}
hybrid_specialist,rag,rag,slm2,,,0.0,0.0,0.0,0.0,0.0,6,True,success,0.0,0.5563770532608032,1,3174.2885999847203,0.0281,0,0.0,0,0.0,,llm,True,True,hardware,administrative rights,{}
hybrid_specialist,rag,rag,slm2,,,0.0,0.0,0.0,0.0,0.0,7,True,success,0.0,0.5563770532608032,1,3450.215700024273,0.0239,0,0.0,0,0.0,,llm,True,True,hr support,access,{}
hybrid_specialist,rag,rag,slm2,,,0.0,0.0,0.0,0.0,0.0,8,True,success,1.0,0.5563770532608032,1,3447.5660999887623,0.02398,0,0.0,0,0.0,,llm,True,True,access,access,{}
hybrid_specialist,rag,rag,slm2,,,0.0,0.0,0.0,0.0,0.0,9,True,success,1.0,0.5563770532608032,1,3161.9742999901064,0.02668,0,0.0,0,0.0,,llm,True,True,hr support,hr support,{}
hybrid_specialist,rag,rag,llm1,,,0.0,0.0,0.0,0.0,0.0,0,True,success,0.0,0.5563770532608032,1,3549.874200019985,0.02414,0,0.0,0,0.0,,llm,True,True,hardware,miscellaneous,{}
hybrid_specialist,rag,rag,llm1,,,0.0,0.0,0.0,0.0,0.0,1,True,success,0.0,0.5563770532608032,1,3208.715900022071,0.0242,0,0.0,0,0.0,,llm,True,True,access,miscellaneous,{}
hybrid_specialist,rag,rag,llm1,,,0.0,0.0,0.0,0.0,0.0,2,True,success,0.0,0.5563770532608032,1,3192.155400000047,0.02404,0,0.0,0,0.0,,llm,True,True,hardware,miscellaneous,{}
hybrid_specialist,rag,rag,llm1,,,0.0,0.0,0.0,0.0,0.0,3,True,success,1.0,0.5563770532608032,1,3285.912499995902,0.0283199999999999,0,0.0,0,0.0,,llm,True,True,access,access,{}
hybrid_specialist,rag,rag,llm1,,,0.0,0.0,0.0,0.0,0.0,4,True,success,1.0,0.5563770532608032,1,3270.441700005904,0.02416,0,0.0,0,0.0,,llm,True,True,miscellaneous,miscellaneous,{}
hybrid_specialist,rag,rag,llm1,,,0.0,0.0,0.0,0.0,0.0,5,True,success,1.0,0.5563770532608032,1,3395.5485000042245,0.02412,0,0.0,0,0.0,,llm,True,True,miscellaneous,miscellaneous,{}
hybrid_specialist,rag,rag,llm1,,,0.0,0.0,0.0,0.0,0.0,6,True,success,0.0,0.5563770532608032,1,3592.0032000285573,0.0281,0,0.0,0,0.0,,llm,True,True,hardware,administrative rights,{}
hybrid_specialist,rag,rag,llm1,,,0.0,0.0,0.0,0.0,0.0,7,True,success,0.0,0.5563770532608032,1,3254.7778000007384,0.0239,0,0.0,0,0.0,,llm,True,True,hr support,access,{}
hybrid_specialist,rag,rag,llm1,,,0.0,0.0,0.0,0.0,0.0,8,True,success,1.0,0.5563770532608032,1,3621.929799963256,0.02398,0,0.0,0,0.0,,llm,True,True,access,access,{}
hybrid_specialist,rag,rag,llm1,,,0.0,0.0,0.0,0.0,0.0,9,True,success,1.0,0.5563770532608032,1,4029.224800004158,0.02668,0,0.0,0,0.0,,llm,True,True,hr support,hr support,{}
hybrid_specialist,rag,rag,llm2,,,0.0,0.0,0.0,0.0,0.0,0,True,success,0.0,0.5563770532608032,1,3558.9384000049904,0.02414,0,0.0,0,0.0,,llm,True,True,hardware,miscellaneous,{}
hybrid_specialist,rag,rag,llm2,,,0.0,0.0,0.0,0.0,0.0,1,True,success,0.0,0.5563770532608032,1,3325.988699973095,0.0242,0,0.0,0,0.0,,llm,True,True,access,miscellaneous,{}
hybrid_specialist,rag,rag,llm2,,,0.0,0.0,0.0,0.0,0.0,2,True,success,0.0,0.5563770532608032,1,3424.26629998954,0.02404,0,0.0,0,0.0,,llm,True,True,hardware,miscellaneous,{}
hybrid_specialist,rag,rag,llm2,,,0.0,0.0,0.0,0.0,0.0,3,True,success,1.0,0.5563770532608032,1,3328.332600009162,0.0283199999999999,0,0.0,0,0.0,,llm,True,True,access,access,{}
hybrid_specialist,rag,rag,llm2,,,0.0,0.0,0.0,0.0,0.0,4,True,success,1.0,0.5563770532608032,1,3563.983300002292,0.02416,0,0.0,0,0.0,,llm,True,True,miscellaneous,miscellaneous,{}
hybrid_specialist,rag,rag,llm2,,,0.0,0.0,0.0,0.0,0.0,5,True,success,1.0,0.5563770532608032,1,3484.2141999979503,0.02412,0,0.0,0,0.0,,llm,True,True,miscellaneous,miscellaneous,{}
hybrid_specialist,rag,rag,llm2,,,0.0,0.0,0.0,0.0,0.0,6,True,success,0.0,0.5563770532608032,1,3407.925399951637,0.0281,0,0.0,0,0.0,,llm,True,True,hardware,administrative rights,{}
hybrid_specialist,rag,rag,llm2,,,0.0,0.0,0.0,0.0,0.0,7,True,success,0.0,0.5563770532608032,1,3278.0991999898106,0.0239,0,0.0,0,0.0,,llm,True,True,hr support,access,{}
hybrid_specialist,rag,rag,llm2,,,0.0,0.0,0.0,0.0,0.0,8,True,success,1.0,0.5563770532608032,1,3495.7181999925524,0.02398,0,0.0,0,0.0,,llm,True,True,access,access,{}
hybrid_specialist,rag,rag,llm2,,,0.0,0.0,0.0,0.0,0.0,9,True,success,1.0,0.5563770532608032,1,3255.650900013279,0.02668,0,0.0,0,0.0,,llm,True,True,hr support,hr support,{}
hybrid_specialist,salience,salience,slm1,,,0.0,0.0,0.0,0.0,0.0,0,True,success,0.0,0.5563770532608032,1,1471.4414000045508,0.02414,0,0.0,0,0.0,,llm,True,True,hardware,miscellaneous,{}
hybrid_specialist,salience,salience,slm1,,,0.0,0.0,0.0,0.0,0.0,1,True,success,0.0,0.5563770532608032,1,1064.810200012289,0.0242,0,0.0,0,0.0,,llm,True,True,access,miscellaneous,{}
hybrid_specialist,salience,salience,slm1,,,0.0,0.0,0.0,0.0,0.0,2,True,success,0.0,0.5563770532608032,1,1225.3550000023097,0.02404,0,0.0,0,0.0,,llm,True,True,hardware,miscellaneous,{}
hybrid_specialist,salience,salience,slm1,,,0.0,0.0,0.0,0.0,0.0,3,True,success,1.0,0.5563770532608032,1,1216.2725999951365,0.0283199999999999,0,0.0,0,0.0,,llm,True,True,access,access,{}
hybrid_specialist,salience,salience,slm1,,,0.0,0.0,0.0,0.0,0.0,4,True,success,1.0,0.5563770532608032,1,1255.9963999665342,0.02416,0,0.0,0,0.0,,llm,True,True,miscellaneous,miscellaneous,{}
hybrid_specialist,salience,salience,slm1,,,0.0,0.0,0.0,0.0,0.0,5,True,success,1.0,0.5563770532608032,1,1055.8518000179902,0.02412,0,0.0,0,0.0,,llm,True,True,miscellaneous,miscellaneous,{}
hybrid_specialist,salience,salience,slm1,,,0.0,0.0,0.0,0.0,0.0,6,True,success,0.0,0.5563770532608032,1,1102.3915000259876,0.0281,0,0.0,0,0.0,,llm,True,True,hardware,administrative rights,{}
hybrid_specialist,salience,salience,slm1,,,0.0,0.0,0.0,0.0,0.0,7,True,success,0.0,0.5563770532608032,1,1136.7298000259325,0.0239,0,0.0,0,0.0,,llm,True,True,hr support,access,{}
hybrid_specialist,salience,salience,slm1,,,0.0,0.0,0.0,0.0,0.0,8,True,success,1.0,0.5563770532608032,1,1157.0686000050046,0.02398,0,0.0,0,0.0,,llm,True,True,access,access,{}
hybrid_specialist,salience,salience,slm1,,,0.0,0.0,0.0,0.0,0.0,9,True,success,1.0,0.5563770532608032,1,1125.2276999875903,0.02668,0,0.0,0,0.0,,llm,True,True,hr support,hr support,{}
hybrid_specialist,salience,salience,slm2,,,0.0,0.0,0.0,0.0,0.0,0,True,success,0.0,0.5563770532608032,1,1097.054899961222,0.02414,0,0.0,0,0.0,,llm,True,True,hardware,miscellaneous,{}
hybrid_specialist,salience,salience,slm2,,,0.0,0.0,0.0,0.0,0.0,1,True,success,0.0,0.5563770532608032,1,1083.8911999599077,0.0242,0,0.0,0,0.0,,llm,True,True,access,miscellaneous,{}
hybrid_specialist,salience,salience,slm2,,,0.0,0.0,0.0,0.0,0.0,2,True,success,0.0,0.5563770532608032,1,1117.8422999801114,0.02404,0,0.0,0,0.0,,llm,True,True,hardware,miscellaneous,{}
hybrid_specialist,salience,salience,slm2,,,0.0,0.0,0.0,0.0,0.0,3,True,success,1.0,0.5563770532608032,1,1104.4399000238627,0.0283199999999999,0,0.0,0,0.0,,llm,True,True,access,access,{}
hybrid_specialist,salience,salience,slm2,,,0.0,0.0,0.0,0.0,0.0,4,True,success,1.0,0.5563770532608032,1,1125.524699978996,0.02416,0,0.0,0,0.0,,llm,True,True,miscellaneous,miscellaneous,{}
hybrid_specialist,salience,salience,slm2,,,0.0,0.0,0.0,0.0,0.0,5,True,success,1.0,0.5563770532608032,1,1150.4845999879765,0.02412,0,0.0,0,0.0,,llm,True,True,miscellaneous,miscellaneous,{}
hybrid_specialist,salience,salience,slm2,,,0.0,0.0,0.0,0.0,0.0,6,True,success,0.0,0.5563770532608032,1,1173.0264999787323,0.0281,0,0.0,0,0.0,,llm,True,True,hardware,administrative rights,{}
hybrid_specialist,salience,salience,slm2,,,0.0,0.0,0.0,0.0,0.0,7,True,success,0.0,0.5563770532608032,1,1145.1206000056118,0.0239,0,0.0,0,0.0,,llm,True,True,hr support,access,{}
hybrid_specialist,salience,salience,slm2,,,0.0,0.0,0.0,0.0,0.0,8,True,success,1.0,0.5563770532608032,1,1104.5905000064522,0.02398,0,0.0,0,0.0,,llm,True,True,access,access,{}
hybrid_specialist,salience,salience,slm2,,,0.0,0.0,0.0,0.0,0.0,9,True,success,1.0,0.5563770532608032,1,1107.207599969115,0.02668,0,0.0,0,0.0,,llm,True,True,hr support,hr support,{}
hybrid_specialist,salience,salience,llm1,,,0.0,0.0,0.0,0.0,0.0,0,True,success,0.0,0.5563770532608032,1,1157.4536999687552,0.02414,0,0.0,0,0.0,,llm,True,True,hardware,miscellaneous,{}
hybrid_specialist,salience,salience,llm1,,,0.0,0.0,0.0,0.0,0.0,1,True,success,0.0,0.5563770532608032,1,1067.3449999885634,0.0242,0,0.0,0,0.0,,llm,True,True,access,miscellaneous,{}
hybrid_specialist,salience,salience,llm1,,,0.0,0.0,0.0,0.0,0.0,2,True,success,0.0,0.5563770532608032,1,1111.5940000163391,0.02404,0,0.0,0,0.0,,llm,True,True,hardware,miscellaneous,{}
hybrid_specialist,salience,salience,llm1,,,0.0,0.0,0.0,0.0,0.0,3,True,success,1.0,0.5563770532608032,1,1298.0473000206985,0.0283199999999999,0,0.0,0,0.0,,llm,True,True,access,access,{}
hybrid_specialist,salience,salience,llm1,,,0.0,0.0,0.0,0.0,0.0,4,True,success,1.0,0.5563770532608032,1,1161.63129999768,0.02416,0,0.0,0,0.0,,llm,True,True,miscellaneous,miscellaneous,{}
hybrid_specialist,salience,salience,llm1,,,0.0,0.0,0.0,0.0,0.0,5,True,success,1.0,0.5563770532608032,1,1391.1674999981187,0.02412,0,0.0,0,0.0,,llm,True,True,miscellaneous,miscellaneous,{}
hybrid_specialist,salience,salience,llm1,,,0.0,0.0,0.0,0.0,0.0,6,True,success,0.0,0.5563770532608032,1,1230.052099970635,0.0281,0,0.0,0,0.0,,llm,True,True,hardware,administrative rights,{}
hybrid_specialist,salience,salience,llm1,,,0.0,0.0,0.0,0.0,0.0,7,True,success,0.0,0.5563770532608032,1,1160.3021000046283,0.0239,0,0.0,0,0.0,,llm,True,True,hr support,access,{}
hybrid_specialist,salience,salience,llm1,,,0.0,0.0,0.0,0.0,0.0,8,True,success,1.0,0.5563770532608032,1,1346.5022000018507,0.02398,0,0.0,0,0.0,,llm,True,True,access,access,{}
hybrid_specialist,salience,salience,llm1,,,0.0,0.0,0.0,0.0,0.0,9,True,success,1.0,0.5563770532608032,1,1136.296599986963,0.02668,0,0.0,0,0.0,,llm,True,True,hr support,hr support,{}
hybrid_specialist,salience,salience,llm2,,,0.0,0.0,0.0,0.0,0.0,0,True,success,0.0,0.5563770532608032,1,1115.76909996802,0.02414,0,0.0,0,0.0,,llm,True,True,hardware,miscellaneous,{}
hybrid_specialist,salience,salience,llm2,,,0.0,0.0,0.0,0.0,0.0,1,True,success,0.0,0.5563770532608032,1,1176.1006000451744,0.0242,0,0.0,0,0.0,,llm,True,True,access,miscellaneous,{}
hybrid_specialist,salience,salience,llm2,,,0.0,0.0,0.0,0.0,0.0,2,True,success,0.0,0.5563770532608032,1,1381.0576999676414,0.02404,0,0.0,0,0.0,,llm,True,True,hardware,miscellaneous,{}
hybrid_specialist,salience,salience,llm2,,,0.0,0.0,0.0,0.0,0.0,3,True,success,1.0,0.5563770532608032,1,1133.9138000039384,0.0283199999999999,0,0.0,0,0.0,,llm,True,True,access,access,{}
hybrid_specialist,salience,salience,llm2,,,0.0,0.0,0.0,0.0,0.0,4,True,success,1.0,0.5563770532608032,1,1154.883500013966,0.02416,0,0.0,0,0.0,,llm,True,True,miscellaneous,miscellaneous,{}
hybrid_specialist,salience,salience,llm2,,,0.0,0.0,0.0,0.0,0.0,5,True,success,1.0,0.5563770532608032,1,1100.2816000254825,0.02412,0,0.0,0,0.0,,llm,True,True,miscellaneous,miscellaneous,{}
hybrid_specialist,salience,salience,llm2,,,0.0,0.0,0.0,0.0,0.0,6,True,success,0.0,0.5563770532608032,1,1149.7513999929652,0.0281,0,0.0,0,0.0,,llm,True,True,hardware,administrative rights,{}
hybrid_specialist,salience,salience,llm2,,,0.0,0.0,0.0,0.0,0.0,7,True,success,0.0,0.5563770532608032,1,1290.7351000467315,0.0239,0,0.0,0,0.0,,llm,True,True,hr support,access,{}
hybrid_specialist,salience,salience,llm2,,,0.0,0.0,0.0,0.0,0.0,8,True,success,1.0,0.5563770532608032,1,1259.639199997764,0.02398,0,0.0,0,0.0,,llm,True,True,access,access,{}
hybrid_specialist,salience,salience,llm2,,,0.0,0.0,0.0,0.0,0.0,9,True,success,1.0,0.5563770532608032,1,1245.3020999673754,0.02668,0,0.0,0,0.0,,llm,True,True,hr support,hr support,{}
